time,function,GEN_PROC_COELHOS,GEN_PROC_RAPOSA,GEN_COMIDA_RAPOSA,N_GEN,L,C,N
2.236339,main,5,10,10,100,1000,1000,10
2.194871,main,5,10,10,100,1000,1000,10
2.123622,main,5,10,10,100,1000,1000,10
2.128583,main,5,10,10,100,1000,1000,10
2.165650,main,5,10,10,100,1000,1000,10
2.161384,main,5,10,10,100,1000,1000,10
2.142130,main,5,10,10,100,1000,1000,10
2.174715,main,5,10,10,100,1000,1000,10
2.178964,main,5,10,10,100,1000,1000,10
2.204440,main,5,10,10,100,1000,1000,10
2.141747,main,10,10,5,100,1000,1000,10
2.166370,main,10,10,5,100,1000,1000,10
2.143721,main,10,10,5,100,1000,1000,10
2.281520,main,10,10,5,100,1000,1000,10
2.257741,main,10,10,5,100,1000,1000,10
2.270790,main,10,10,5,100,1000,1000,10
2.283029,main,10,10,5,100,1000,1000,10
2.295510,main,10,10,5,100,1000,1000,10
2.190841,main,10,10,5,100,1000,1000,10
2.153930,main,10,10,5,100,1000,1000,10
1.129258,main,10,10,10,50,1000,1000,10
1.200395,main,10,10,10,50,1000,1000,10
1.233297,main,10,10,10,50,1000,1000,10
1.174378,main,10,10,10,50,1000,1000,10
1.126365,main,10,10,10,50,1000,1000,10
1.166148,main,10,10,10,50,1000,1000,10
1.150592,main,10,10,10,50,1000,1000,10
1.141784,main,10,10,10,50,1000,1000,10
1.169606,main,10,10,10,50,1000,1000,10
1.183528,main,10,10,10,50,1000,1000,10
2.283384,main,10,10,10,100,1000,1000,5
2.137955,main,10,10,10,100,1000,1000,5
2.213623,main,10,10,10,100,1000,1000,5
2.319845,main,10,10,10,100,1000,1000,5
2.319406,main,10,10,10,100,1000,1000,5
2.312072,main,10,10,10,100,1000,1000,5
2.326844,main,10,10,10,100,1000,1000,5
2.339963,main,10,10,10,100,1000,1000,5
2.157906,main,10,10,10,100,1000,1000,5
2.331690,main,10,10,10,100,1000,1000,5
2.222086,main,20,10,10,100,1000,1000,10
2.322260,main,20,10,10,100,1000,1000,10
2.358099,main,20,10,10,100,1000,1000,10
2.336580,main,20,10,10,100,1000,1000,10
2.288838,main,20,10,10,100,1000,1000,10
2.275497,main,20,10,10,100,1000,1000,10
2.272116,main,20,10,10,100,1000,1000,10
2.267654,main,20,10,10,100,1000,1000,10
2.284608,main,20,10,10,100,1000,1000,10
2.250983,main,20,10,10,100,1000,1000,10
2.291727,main,10,20,10,100,1000,1000,10
2.273132,main,10,20,10,100,1000,1000,10
2.310709,main,10,20,10,100,1000,1000,10
2.269878,main,10,20,10,100,1000,1000,10
2.282699,main,10,20,10,100,1000,1000,10
2.291286,main,10,20,10,100,1000,1000,10
2.327601,main,10,20,10,100,1000,1000,10
2.311584,main,10,20,10,100,1000,1000,10
2.329285,main,10,20,10,100,1000,1000,10
2.338820,main,10,20,10,100,1000,1000,10
2.340371,main,10,10,20,100,1000,1000,10
2.352473,main,10,10,20,100,1000,1000,10
2.354397,main,10,10,20,100,1000,1000,10
2.362829,main,10,10,20,100,1000,1000,10
2.352924,main,10,10,20,100,1000,1000,10
2.343806,main,10,10,20,100,1000,1000,10
2.355237,main,10,10,20,100,1000,1000,10
2.357942,main,10,10,20,100,1000,1000,10
2.349911,main,10,10,20,100,1000,1000,10
2.220772,main,10,10,20,100,1000,1000,10
4.191033,main,10,10,10,200,1000,1000,10
4.729283,main,10,10,10,200,1000,1000,10
4.324816,main,10,10,10,200,1000,1000,10
4.435223,main,10,10,10,200,1000,1000,10
4.727131,main,10,10,10,200,1000,1000,10
4.752398,main,10,10,10,200,1000,1000,10
4.620017,main,10,10,10,200,1000,1000,10
4.301484,main,10,10,10,200,1000,1000,10
4.686817,main,10,10,10,200,1000,1000,10
4.678085,main,10,10,10,200,1000,1000,10
9.617136,main,10,10,10,100,2000,2000,10
9.245438,main,10,10,10,100,2000,2000,10
9.405505,main,10,10,10,100,2000,2000,10
10.125382,main,10,10,10,100,2000,2000,10
9.473233,main,10,10,10,100,2000,2000,10
9.109999,main,10,10,10,100,2000,2000,10
9.504499,main,10,10,10,100,2000,2000,10
8.880701,main,10,10,10,100,2000,2000,10
9.044243,main,10,10,10,100,2000,2000,10
9.421354,main,10,10,10,100,2000,2000,10
2.425163,main,10,10,10,100,1000,1000,20
2.382911,main,10,10,10,100,1000,1000,20
2.487840,main,10,10,10,100,1000,1000,20
2.457086,main,10,10,10,100,1000,1000,20
2.419097,main,10,10,10,100,1000,1000,20
2.424888,main,10,10,10,100,1000,1000,20
2.391725,main,10,10,10,100,1000,1000,20
2.356157,main,10,10,10,100,1000,1000,20
2.365416,main,10,10,10,100,1000,1000,20
2.393326,main,10,10,10,100,1000,1000,20
2.417186,main,40,10,10,100,1000,1000,10
2.366448,main,40,10,10,100,1000,1000,10
2.409861,main,40,10,10,100,1000,1000,10
2.265356,main,40,10,10,100,1000,1000,10
2.181949,main,40,10,10,100,1000,1000,10
2.175024,main,40,10,10,100,1000,1000,10
2.361873,main,40,10,10,100,1000,1000,10
2.227187,main,40,10,10,100,1000,1000,10
2.368410,main,40,10,10,100,1000,1000,10
2.382487,main,40,10,10,100,1000,1000,10
2.445420,main,10,40,10,100,1000,1000,10
2.503485,main,10,40,10,100,1000,1000,10
2.439257,main,10,40,10,100,1000,1000,10
2.407857,main,10,40,10,100,1000,1000,10
2.323374,main,10,40,10,100,1000,1000,10
2.381592,main,10,40,10,100,1000,1000,10
2.282302,main,10,40,10,100,1000,1000,10
2.222333,main,10,40,10,100,1000,1000,10
2.226735,main,10,40,10,100,1000,1000,10
2.252434,main,10,40,10,100,1000,1000,10
2.439622,main,10,10,40,100,1000,1000,10
2.480646,main,10,10,40,100,1000,1000,10
2.357448,main,10,10,40,100,1000,1000,10
2.413479,main,10,10,40,100,1000,1000,10
2.386022,main,10,10,40,100,1000,1000,10
2.406480,main,10,10,40,100,1000,1000,10
2.481662,main,10,10,40,100,1000,1000,10
2.476191,main,10,10,40,100,1000,1000,10
2.451038,main,10,10,40,100,1000,1000,10
2.438935,main,10,10,40,100,1000,1000,10
4.929856,main,10,10,10,200,1000,1000,10
4.619040,main,10,10,10,200,1000,1000,10
4.780914,main,10,10,10,200,1000,1000,10
4.326082,main,10,10,10,200,1000,1000,10
4.883337,main,10,10,10,200,1000,1000,10
4.947891,main,10,10,10,200,1000,1000,10
4.679816,main,10,10,10,200,1000,1000,10
4.410134,main,10,10,10,200,1000,1000,10
4.426503,main,10,10,10,200,1000,1000,10
4.761659,main,10,10,10,200,1000,1000,10
36.646224,main,10,10,10,100,4000,4000,10
36.575711,main,10,10,10,100,4000,4000,10
37.419240,main,10,10,10,100,4000,4000,10
36.630767,main,10,10,10,100,4000,4000,10
37.843758,main,10,10,10,100,4000,4000,10
37.154569,main,10,10,10,100,4000,4000,10
37.872129,main,10,10,10,100,4000,4000,10
38.468831,main,10,10,10,100,4000,4000,10
38.181246,main,10,10,10,100,4000,4000,10
38.069960,main,10,10,10,100,4000,4000,10
2.397379,main,10,10,10,100,1000,1000,40
2.388899,main,10,10,10,100,1000,1000,40
2.392810,main,10,10,10,100,1000,1000,40
2.426496,main,10,10,10,100,1000,1000,40
2.669420,main,10,10,10,100,1000,1000,40
2.580950,main,10,10,10,100,1000,1000,40
2.623266,main,10,10,10,100,1000,1000,40
2.744500,main,10,10,10,100,1000,1000,40
2.641014,main,10,10,10,100,1000,1000,40
2.496117,main,10,10,10,100,1000,1000,40
2.204585,main,10,5,10,100,1000,1000,10
2.150290,main,10,5,10,100,1000,1000,10
2.129997,main,10,5,10,100,1000,1000,10
2.105840,main,10,5,10,100,1000,1000,10
2.131508,main,10,5,10,100,1000,1000,10
2.201085,main,10,5,10,100,1000,1000,10
2.205909,main,10,5,10,100,1000,1000,10
2.213293,main,10,5,10,100,1000,1000,10
2.138332,main,10,5,10,100,1000,1000,10
2.164837,main,10,5,10,100,1000,1000,10
0.496227,main,10,10,10,100,500,500,20
0.488639,main,10,10,10,100,500,500,20
0.491256,main,10,10,10,100,500,500,20
0.494457,main,10,10,10,100,500,500,20
0.535681,main,10,10,10,100,500,500,20
0.533595,main,10,10,10,100,500,500,20
0.535034,main,10,10,10,100,500,500,20
0.533784,main,10,10,10,100,500,500,20
0.563329,main,10,10,10,100,500,500,20
0.542751,main,10,10,10,100,500,500,20
16.663111,main_prl,5,10,10,100,1000,1000,10
14.469938,main_prl,5,10,10,100,1000,1000,10
16.161201,main_prl,5,10,10,100,1000,1000,10
15.094893,main_prl,5,10,10,100,1000,1000,10
15.092997,main_prl,5,10,10,100,1000,1000,10
15.688688,main_prl,5,10,10,100,1000,1000,10
16.687186,main_prl,5,10,10,100,1000,1000,10
16.186425,main_prl,5,10,10,100,1000,1000,10
16.969983,main_prl,5,10,10,100,1000,1000,10
17.153676,main_prl,5,10,10,100,1000,1000,10
17.258217,main_prl,10,5,10,100,1000,1000,10
16.725957,main_prl,10,5,10,100,1000,1000,10
16.742432,main_prl,10,5,10,100,1000,1000,10
17.255686,main_prl,10,5,10,100,1000,1000,10
17.243824,main_prl,10,5,10,100,1000,1000,10
16.813505,main_prl,10,5,10,100,1000,1000,10
18.504739,main_prl,10,5,10,100,1000,1000,10
17.060598,main_prl,10,5,10,100,1000,1000,10
18.179623,main_prl,10,5,10,100,1000,1000,10
17.045785,main_prl,10,5,10,100,1000,1000,10
17.242189,main_prl,10,10,5,100,1000,1000,10
20.074053,main_prl,10,10,5,100,1000,1000,10
18.132292,main_prl,10,10,5,100,1000,1000,10
18.394272,main_prl,10,10,5,100,1000,1000,10
18.731808,main_prl,10,10,5,100,1000,1000,10
18.352099,main_prl,10,10,5,100,1000,1000,10
18.008231,main_prl,10,10,5,100,1000,1000,10
18.302288,main_prl,10,10,5,100,1000,1000,10
17.778522,main_prl,10,10,5,100,1000,1000,10
19.283415,main_prl,10,10,5,100,1000,1000,10
8.479626,main_prl,10,10,10,50,1000,1000,10
8.619736,main_prl,10,10,10,50,1000,1000,10
9.139030,main_prl,10,10,10,50,1000,1000,10
8.797379,main_prl,10,10,10,50,1000,1000,10
8.741471,main_prl,10,10,10,50,1000,1000,10
9.629223,main_prl,10,10,10,50,1000,1000,10
9.405470,main_prl,10,10,10,50,1000,1000,10
9.687892,main_prl,10,10,10,50,1000,1000,10
9.330062,main_prl,10,10,10,50,1000,1000,10
9.401693,main_prl,10,10,10,50,1000,1000,10
4.702884,main_prl,10,10,10,100,500,500,20
4.519898,main_prl,10,10,10,100,500,500,20
4.712730,main_prl,10,10,10,100,500,500,20
4.442432,main_prl,10,10,10,100,500,500,20
4.096611,main_prl,10,10,10,100,500,500,20
4.361192,main_prl,10,10,10,100,500,500,20
4.087530,main_prl,10,10,10,100,500,500,20
4.028789,main_prl,10,10,10,100,500,500,20
4.121073,main_prl,10,10,10,100,500,500,20
4.245846,main_prl,10,10,10,100,500,500,20
17.209578,main_prl,10,10,10,100,1000,1000,5
17.403043,main_prl,10,10,10,100,1000,1000,5
18.158418,main_prl,10,10,10,100,1000,1000,5
16.780034,main_prl,10,10,10,100,1000,1000,5
16.984281,main_prl,10,10,10,100,1000,1000,5
18.252701,main_prl,10,10,10,100,1000,1000,5
16.745605,main_prl,10,10,10,100,1000,1000,5
17.472732,main_prl,10,10,10,100,1000,1000,5
17.794492,main_prl,10,10,10,100,1000,1000,5
18.336640,main_prl,10,10,10,100,1000,1000,5
18.651032,main_prl,20,10,10,100,1000,1000,10
17.953591,main_prl,20,10,10,100,1000,1000,10
17.803915,main_prl,20,10,10,100,1000,1000,10
17.527647,main_prl,20,10,10,100,1000,1000,10
17.197860,main_prl,20,10,10,100,1000,1000,10
20.323637,main_prl,20,10,10,100,1000,1000,10
18.559885,main_prl,20,10,10,100,1000,1000,10
17.973909,main_prl,20,10,10,100,1000,1000,10
17.851203,main_prl,20,10,10,100,1000,1000,10
18.034131,main_prl,20,10,10,100,1000,1000,10
18.207830,main_prl,10,20,10,100,1000,1000,10
17.527799,main_prl,10,20,10,100,1000,1000,10
18.379507,main_prl,10,20,10,100,1000,1000,10
18.760987,main_prl,10,20,10,100,1000,1000,10
17.529578,main_prl,10,20,10,100,1000,1000,10
17.999182,main_prl,10,20,10,100,1000,1000,10
19.661944,main_prl,10,20,10,100,1000,1000,10
18.385137,main_prl,10,20,10,100,1000,1000,10
19.022760,main_prl,10,20,10,100,1000,1000,10
19.137422,main_prl,10,20,10,100,1000,1000,10
17.302127,main_prl,10,10,20,100,1000,1000,10
18.252251,main_prl,10,10,20,100,1000,1000,10
19.579865,main_prl,10,10,20,100,1000,1000,10
20.437173,main_prl,10,10,20,100,1000,1000,10
17.499716,main_prl,10,10,20,100,1000,1000,10
17.206730,main_prl,10,10,20,100,1000,1000,10
18.389845,main_prl,10,10,20,100,1000,1000,10
18.785842,main_prl,10,10,20,100,1000,1000,10
18.537492,main_prl,10,10,20,100,1000,1000,10
18.640294,main_prl,10,10,20,100,1000,1000,10
37.569154,main_prl,10,10,10,200,1000,1000,10
36.774406,main_prl,10,10,10,200,1000,1000,10
36.916199,main_prl,10,10,10,200,1000,1000,10
40.363845,main_prl,10,10,10,200,1000,1000,10
38.742111,main_prl,10,10,10,200,1000,1000,10
37.940866,main_prl,10,10,10,200,1000,1000,10
36.018416,main_prl,10,10,10,200,1000,1000,10
38.644793,main_prl,10,10,10,200,1000,1000,10
37.150753,main_prl,10,10,10,200,1000,1000,10
35.715760,main_prl,10,10,10,200,1000,1000,10
53.192345,main_prl,10,10,10,100,2000,2000,10
54.888373,main_prl,10,10,10,100,2000,2000,10
52.974143,main_prl,10,10,10,100,2000,2000,10
54.675179,main_prl,10,10,10,100,2000,2000,10
54.012318,main_prl,10,10,10,100,2000,2000,10
53.233782,main_prl,10,10,10,100,2000,2000,10
52.639082,main_prl,10,10,10,100,2000,2000,10
53.608270,main_prl,10,10,10,100,2000,2000,10
53.494292,main_prl,10,10,10,100,2000,2000,10
54.826687,main_prl,10,10,10,100,2000,2000,10
19.616724,main_prl,10,10,10,100,1000,1000,20
17.937382,main_prl,10,10,10,100,1000,1000,20
17.256878,main_prl,10,10,10,100,1000,1000,20
18.424457,main_prl,10,10,10,100,1000,1000,20
19.617373,main_prl,10,10,10,100,1000,1000,20
18.500391,main_prl,10,10,10,100,1000,1000,20
17.857758,main_prl,10,10,10,100,1000,1000,20
19.191804,main_prl,10,10,10,100,1000,1000,20
18.392076,main_prl,10,10,10,100,1000,1000,20
18.300210,main_prl,10,10,10,100,1000,1000,20
18.457735,main_prl,40,10,10,100,1000,1000,10
19.110854,main_prl,40,10,10,100,1000,1000,10
17.871692,main_prl,40,10,10,100,1000,1000,10
17.737603,main_prl,40,10,10,100,1000,1000,10
19.923757,main_prl,40,10,10,100,1000,1000,10
18.846626,main_prl,40,10,10,100,1000,1000,10
19.867715,main_prl,40,10,10,100,1000,1000,10
17.671902,main_prl,40,10,10,100,1000,1000,10
19.633129,main_prl,40,10,10,100,1000,1000,10
18.007968,main_prl,40,10,10,100,1000,1000,10
19.595069,main_prl,10,40,10,100,1000,1000,10
19.033529,main_prl,10,40,10,100,1000,1000,10
19.278073,main_prl,10,40,10,100,1000,1000,10
20.172749,main_prl,10,40,10,100,1000,1000,10
18.960116,main_prl,10,40,10,100,1000,1000,10
18.151272,main_prl,10,40,10,100,1000,1000,10
18.713552,main_prl,10,40,10,100,1000,1000,10
18.230971,main_prl,10,40,10,100,1000,1000,10
18.285516,main_prl,10,40,10,100,1000,1000,10
17.387762,main_prl,10,40,10,100,1000,1000,10
17.634248,main_prl,10,10,40,100,1000,1000,10
18.418930,main_prl,10,10,40,100,1000,1000,10
18.040184,main_prl,10,10,40,100,1000,1000,10
18.108746,main_prl,10,10,40,100,1000,1000,10
18.437087,main_prl,10,10,40,100,1000,1000,10
18.004181,main_prl,10,10,40,100,1000,1000,10
19.640078,main_prl,10,10,40,100,1000,1000,10
20.684868,main_prl,10,10,40,100,1000,1000,10
18.898309,main_prl,10,10,40,100,1000,1000,10
17.644713,main_prl,10,10,40,100,1000,1000,10
33.344771,main_prl,10,10,10,200,1000,1000,10
33.669658,main_prl,10,10,10,200,1000,1000,10
34.526808,main_prl,10,10,10,200,1000,1000,10
35.077074,main_prl,10,10,10,200,1000,1000,10
35.483311,main_prl,10,10,10,200,1000,1000,10
35.686518,main_prl,10,10,10,200,1000,1000,10
37.852067,main_prl,10,10,10,200,1000,1000,10
37.212539,main_prl,10,10,10,200,1000,1000,10
34.746870,main_prl,10,10,10,200,1000,1000,10
36.428383,main_prl,10,10,10,200,1000,1000,10
126.576539,main_prl,10,10,10,100,4000,4000,10
119.450689,main_prl,10,10,10,100,4000,4000,10
119.666650,main_prl,10,10,10,100,4000,4000,10
118.623604,main_prl,10,10,10,100,4000,4000,10
118.947221,main_prl,10,10,10,100,4000,4000,10
118.902101,main_prl,10,10,10,100,4000,4000,10
120.053660,main_prl,10,10,10,100,4000,4000,10
120.918450,main_prl,10,10,10,100,4000,4000,10
120.999956,main_prl,10,10,10,100,4000,4000,10
118.992885,main_prl,10,10,10,100,4000,4000,10
12.197719,main_prl,10,10,10,100,1000,1000,40
12.971559,main_prl,10,10,10,100,1000,1000,40
12.888250,main_prl,10,10,10,100,1000,1000,40
13.066250,main_prl,10,10,10,100,1000,1000,40
12.881440,main_prl,10,10,10,100,1000,1000,40
13.310927,main_prl,10,10,10,100,1000,1000,40
13.025658,main_prl,10,10,10,100,1000,1000,40
13.120682,main_prl,10,10,10,100,1000,1000,40
13.101401,main_prl,10,10,10,100,1000,1000,40
13.148515,main_prl,10,10,10,100,1000,1000,40
17.642715,main_prl_v2,5,10,10,100,1000,1000,10
17.632784,main_prl_v2,5,10,10,100,1000,1000,10
17.274526,main_prl_v2,5,10,10,100,1000,1000,10
17.906008,main_prl_v2,5,10,10,100,1000,1000,10
19.248990,main_prl_v2,5,10,10,100,1000,1000,10
19.811682,main_prl_v2,5,10,10,100,1000,1000,10
20.503183,main_prl_v2,5,10,10,100,1000,1000,10
19.961094,main_prl_v2,5,10,10,100,1000,1000,10
21.019729,main_prl_v2,5,10,10,100,1000,1000,10
20.403046,main_prl_v2,5,10,10,100,1000,1000,10
22.223970,main_prl_v2,10,5,10,100,1000,1000,10
23.488826,main_prl_v2,10,5,10,100,1000,1000,10
23.534547,main_prl_v2,10,5,10,100,1000,1000,10
22.796910,main_prl_v2,10,5,10,100,1000,1000,10
22.869171,main_prl_v2,10,5,10,100,1000,1000,10
23.105106,main_prl_v2,10,5,10,100,1000,1000,10
22.705632,main_prl_v2,10,5,10,100,1000,1000,10
23.404865,main_prl_v2,10,5,10,100,1000,1000,10
22.751430,main_prl_v2,10,5,10,100,1000,1000,10
23.329941,main_prl_v2,10,5,10,100,1000,1000,10
22.743038,main_prl_v2,10,10,5,100,1000,1000,10
23.888961,main_prl_v2,10,10,5,100,1000,1000,10
22.706994,main_prl_v2,10,10,5,100,1000,1000,10
22.167246,main_prl_v2,10,10,5,100,1000,1000,10
22.120532,main_prl_v2,10,10,5,100,1000,1000,10
22.985218,main_prl_v2,10,10,5,100,1000,1000,10
23.908228,main_prl_v2,10,10,5,100,1000,1000,10
23.388061,main_prl_v2,10,10,5,100,1000,1000,10
22.647652,main_prl_v2,10,10,5,100,1000,1000,10
23.322886,main_prl_v2,10,10,5,100,1000,1000,10
11.604236,main_prl_v2,10,10,10,50,1000,1000,10
11.367287,main_prl_v2,10,10,10,50,1000,1000,10
11.867127,main_prl_v2,10,10,10,50,1000,1000,10
11.685687,main_prl_v2,10,10,10,50,1000,1000,10
12.244317,main_prl_v2,10,10,10,50,1000,1000,10
12.368360,main_prl_v2,10,10,10,50,1000,1000,10
11.225740,main_prl_v2,10,10,10,50,1000,1000,10
11.965310,main_prl_v2,10,10,10,50,1000,1000,10
12.074307,main_prl_v2,10,10,10,50,1000,1000,10
11.943757,main_prl_v2,10,10,10,50,1000,1000,10
6.119707,main_prl_v2,10,10,10,100,500,500,20
5.994741,main_prl_v2,10,10,10,100,500,500,20
5.971546,main_prl_v2,10,10,10,100,500,500,20
5.984875,main_prl_v2,10,10,10,100,500,500,20
6.786143,main_prl_v2,10,10,10,100,500,500,20
6.158869,main_prl_v2,10,10,10,100,500,500,20
5.816884,main_prl_v2,10,10,10,100,500,500,20
6.149361,main_prl_v2,10,10,10,100,500,500,20
6.807282,main_prl_v2,10,10,10,100,500,500,20
6.060895,main_prl_v2,10,10,10,100,500,500,20
22.964069,main_prl_v2,10,10,10,100,1000,1000,5
24.105816,main_prl_v2,10,10,10,100,1000,1000,5
24.405246,main_prl_v2,10,10,10,100,1000,1000,5
24.135757,main_prl_v2,10,10,10,100,1000,1000,5
24.092625,main_prl_v2,10,10,10,100,1000,1000,5
23.548562,main_prl_v2,10,10,10,100,1000,1000,5
23.848422,main_prl_v2,10,10,10,100,1000,1000,5
24.168816,main_prl_v2,10,10,10,100,1000,1000,5
24.015314,main_prl_v2,10,10,10,100,1000,1000,5
25.498222,main_prl_v2,10,10,10,100,1000,1000,5
24.413850,main_prl_v2,20,10,10,100,1000,1000,10
23.310783,main_prl_v2,20,10,10,100,1000,1000,10
23.356017,main_prl_v2,20,10,10,100,1000,1000,10
24.107535,main_prl_v2,20,10,10,100,1000,1000,10
23.929235,main_prl_v2,20,10,10,100,1000,1000,10
23.960836,main_prl_v2,20,10,10,100,1000,1000,10
24.396178,main_prl_v2,20,10,10,100,1000,1000,10
23.692428,main_prl_v2,20,10,10,100,1000,1000,10
24.078574,main_prl_v2,20,10,10,100,1000,1000,10
23.265597,main_prl_v2,20,10,10,100,1000,1000,10
24.313728,main_prl_v2,10,20,10,100,1000,1000,10
23.847701,main_prl_v2,10,20,10,100,1000,1000,10
24.060241,main_prl_v2,10,20,10,100,1000,1000,10
24.291499,main_prl_v2,10,20,10,100,1000,1000,10
23.836259,main_prl_v2,10,20,10,100,1000,1000,10
23.545744,main_prl_v2,10,20,10,100,1000,1000,10
24.121879,main_prl_v2,10,20,10,100,1000,1000,10
23.865212,main_prl_v2,10,20,10,100,1000,1000,10
23.828887,main_prl_v2,10,20,10,100,1000,1000,10
24.536021,main_prl_v2,10,20,10,100,1000,1000,10
23.907962,main_prl_v2,10,10,20,100,1000,1000,10
24.226535,main_prl_v2,10,10,20,100,1000,1000,10
23.850839,main_prl_v2,10,10,20,100,1000,1000,10
23.749328,main_prl_v2,10,10,20,100,1000,1000,10
23.807993,main_prl_v2,10,10,20,100,1000,1000,10
23.965183,main_prl_v2,10,10,20,100,1000,1000,10
24.433266,main_prl_v2,10,10,20,100,1000,1000,10
24.063621,main_prl_v2,10,10,20,100,1000,1000,10
24.038231,main_prl_v2,10,10,20,100,1000,1000,10
24.056775,main_prl_v2,10,10,20,100,1000,1000,10
47.826517,main_prl_v2,10,10,10,200,1000,1000,10
48.329210,main_prl_v2,10,10,10,200,1000,1000,10
48.035634,main_prl_v2,10,10,10,200,1000,1000,10
47.897362,main_prl_v2,10,10,10,200,1000,1000,10
46.822110,main_prl_v2,10,10,10,200,1000,1000,10
41.670476,main_prl_v2,10,10,10,200,1000,1000,10
41.454252,main_prl_v2,10,10,10,200,1000,1000,10
41.726514,main_prl_v2,10,10,10,200,1000,1000,10
41.459604,main_prl_v2,10,10,10,200,1000,1000,10
41.703819,main_prl_v2,10,10,10,200,1000,1000,10
35.441923,main_prl_v2,10,10,10,100,2000,2000,10
35.456503,main_prl_v2,10,10,10,100,2000,2000,10
35.468806,main_prl_v2,10,10,10,100,2000,2000,10
35.630794,main_prl_v2,10,10,10,100,2000,2000,10
35.472958,main_prl_v2,10,10,10,100,2000,2000,10
35.435167,main_prl_v2,10,10,10,100,2000,2000,10
35.354848,main_prl_v2,10,10,10,100,2000,2000,10
35.421038,main_prl_v2,10,10,10,100,2000,2000,10
35.418346,main_prl_v2,10,10,10,100,2000,2000,10
35.644304,main_prl_v2,10,10,10,100,2000,2000,10
20.957192,main_prl_v2,10,10,10,100,1000,1000,20
18.933705,main_prl_v2,10,10,10,100,1000,1000,20
18.414539,main_prl_v2,10,10,10,100,1000,1000,20
19.022806,main_prl_v2,10,10,10,100,1000,1000,20
19.435036,main_prl_v2,10,10,10,100,1000,1000,20
19.189873,main_prl_v2,10,10,10,100,1000,1000,20
19.400421,main_prl_v2,10,10,10,100,1000,1000,20
19.766627,main_prl_v2,10,10,10,100,1000,1000,20
19.877407,main_prl_v2,10,10,10,100,1000,1000,20
19.941779,main_prl_v2,10,10,10,100,1000,1000,20
19.931600,main_prl_v2,40,10,10,100,1000,1000,10
19.891023,main_prl_v2,40,10,10,100,1000,1000,10
19.966622,main_prl_v2,40,10,10,100,1000,1000,10
20.003271,main_prl_v2,40,10,10,100,1000,1000,10
19.971967,main_prl_v2,40,10,10,100,1000,1000,10
19.986243,main_prl_v2,40,10,10,100,1000,1000,10
19.924996,main_prl_v2,40,10,10,100,1000,1000,10
20.039646,main_prl_v2,40,10,10,100,1000,1000,10
19.986579,main_prl_v2,40,10,10,100,1000,1000,10
19.985926,main_prl_v2,40,10,10,100,1000,1000,10
19.310431,main_prl_v2,10,40,10,100,1000,1000,10
19.263707,main_prl_v2,10,40,10,100,1000,1000,10
19.515749,main_prl_v2,10,40,10,100,1000,1000,10
19.148986,main_prl_v2,10,40,10,100,1000,1000,10
19.413788,main_prl_v2,10,40,10,100,1000,1000,10
19.475585,main_prl_v2,10,40,10,100,1000,1000,10
20.089630,main_prl_v2,10,40,10,100,1000,1000,10
20.302639,main_prl_v2,10,40,10,100,1000,1000,10
20.261001,main_prl_v2,10,40,10,100,1000,1000,10
19.975584,main_prl_v2,10,40,10,100,1000,1000,10
20.037843,main_prl_v2,10,10,40,100,1000,1000,10
20.010077,main_prl_v2,10,10,40,100,1000,1000,10
19.474073,main_prl_v2,10,10,40,100,1000,1000,10
18.756484,main_prl_v2,10,10,40,100,1000,1000,10
18.846720,main_prl_v2,10,10,40,100,1000,1000,10
19.616732,main_prl_v2,10,10,40,100,1000,1000,10
19.489843,main_prl_v2,10,10,40,100,1000,1000,10
20.235356,main_prl_v2,10,10,40,100,1000,1000,10
20.146998,main_prl_v2,10,10,40,100,1000,1000,10
20.033594,main_prl_v2,10,10,40,100,1000,1000,10
39.730537,main_prl_v2,10,10,10,200,1000,1000,10
39.690910,main_prl_v2,10,10,10,200,1000,1000,10
40.156861,main_prl_v2,10,10,10,200,1000,1000,10
40.018908,main_prl_v2,10,10,10,200,1000,1000,10
40.091784,main_prl_v2,10,10,10,200,1000,1000,10
39.989195,main_prl_v2,10,10,10,200,1000,1000,10
40.140086,main_prl_v2,10,10,10,200,1000,1000,10
40.415163,main_prl_v2,10,10,10,200,1000,1000,10
40.357186,main_prl_v2,10,10,10,200,1000,1000,10
40.253768,main_prl_v2,10,10,10,200,1000,1000,10
81.981657,main_prl_v2,10,10,10,100,4000,4000,10
77.849594,main_prl_v2,10,10,10,100,4000,4000,10
78.652534,main_prl_v2,10,10,10,100,4000,4000,10
78.436688,main_prl_v2,10,10,10,100,4000,4000,10
78.581191,main_prl_v2,10,10,10,100,4000,4000,10
79.199969,main_prl_v2,10,10,10,100,4000,4000,10
80.388848,main_prl_v2,10,10,10,100,4000,4000,10
77.342454,main_prl_v2,10,10,10,100,4000,4000,10
79.492659,main_prl_v2,10,10,10,100,4000,4000,10
78.683017,main_prl_v2,10,10,10,100,4000,4000,10
19.428246,main_prl_v2,10,10,10,100,1000,1000,40
20.379503,main_prl_v2,10,10,10,100,1000,1000,40
20.365155,main_prl_v2,10,10,10,100,1000,1000,40
20.371534,main_prl_v2,10,10,10,100,1000,1000,40
19.961219,main_prl_v2,10,10,10,100,1000,1000,40
18.767361,main_prl_v2,10,10,10,100,1000,1000,40
18.241360,main_prl_v2,10,10,10,100,1000,1000,40
18.575192,main_prl_v2,10,10,10,100,1000,1000,40
18.804681,main_prl_v2,10,10,10,100,1000,1000,40
18.609693,main_prl_v2,10,10,10,100,1000,1000,40
7.952623,main_prl_v3,5,10,10,100,1000,1000,10
7.635866,main_prl_v3,5,10,10,100,1000,1000,10
8.402521,main_prl_v3,5,10,10,100,1000,1000,10
7.748041,main_prl_v3,5,10,10,100,1000,1000,10
8.479169,main_prl_v3,5,10,10,100,1000,1000,10
8.625389,main_prl_v3,5,10,10,100,1000,1000,10
8.705639,main_prl_v3,5,10,10,100,1000,1000,10
8.191104,main_prl_v3,5,10,10,100,1000,1000,10
9.200796,main_prl_v3,5,10,10,100,1000,1000,10
8.275300,main_prl_v3,5,10,10,100,1000,1000,10
8.461396,main_prl_v3,10,5,10,100,1000,1000,10
9.253099,main_prl_v3,10,5,10,100,1000,1000,10
8.435106,main_prl_v3,10,5,10,100,1000,1000,10
9.781491,main_prl_v3,10,5,10,100,1000,1000,10
9.605828,main_prl_v3,10,5,10,100,1000,1000,10
9.517470,main_prl_v3,10,5,10,100,1000,1000,10
9.399125,main_prl_v3,10,5,10,100,1000,1000,10
9.482712,main_prl_v3,10,5,10,100,1000,1000,10
9.856788,main_prl_v3,10,5,10,100,1000,1000,10
9.576309,main_prl_v3,10,5,10,100,1000,1000,10
9.611674,main_prl_v3,10,10,5,100,1000,1000,10
9.396570,main_prl_v3,10,10,5,100,1000,1000,10
9.739655,main_prl_v3,10,10,5,100,1000,1000,10
9.426849,main_prl_v3,10,10,5,100,1000,1000,10
9.761264,main_prl_v3,10,10,5,100,1000,1000,10
9.848144,main_prl_v3,10,10,5,100,1000,1000,10
9.910300,main_prl_v3,10,10,5,100,1000,1000,10
9.795262,main_prl_v3,10,10,5,100,1000,1000,10
9.766095,main_prl_v3,10,10,5,100,1000,1000,10
9.934130,main_prl_v3,10,10,5,100,1000,1000,10
4.967299,main_prl_v3,10,10,10,50,1000,1000,10
5.022513,main_prl_v3,10,10,10,50,1000,1000,10
4.864465,main_prl_v3,10,10,10,50,1000,1000,10
4.950970,main_prl_v3,10,10,10,50,1000,1000,10
4.756693,main_prl_v3,10,10,10,50,1000,1000,10
4.899913,main_prl_v3,10,10,10,50,1000,1000,10
5.142831,main_prl_v3,10,10,10,50,1000,1000,10
4.889271,main_prl_v3,10,10,10,50,1000,1000,10
4.973681,main_prl_v3,10,10,10,50,1000,1000,10
4.870801,main_prl_v3,10,10,10,50,1000,1000,10
2.292881,main_prl_v3,10,10,10,100,500,500,20
2.283937,main_prl_v3,10,10,10,100,500,500,20
2.230825,main_prl_v3,10,10,10,100,500,500,20
2.181137,main_prl_v3,10,10,10,100,500,500,20
2.220280,main_prl_v3,10,10,10,100,500,500,20
2.301697,main_prl_v3,10,10,10,100,500,500,20
2.266087,main_prl_v3,10,10,10,100,500,500,20
2.186100,main_prl_v3,10,10,10,100,500,500,20
2.250701,main_prl_v3,10,10,10,100,500,500,20
2.246311,main_prl_v3,10,10,10,100,500,500,20
10.020384,main_prl_v3,10,10,10,100,1000,1000,5
9.585474,main_prl_v3,10,10,10,100,1000,1000,5
9.790268,main_prl_v3,10,10,10,100,1000,1000,5
9.818647,main_prl_v3,10,10,10,100,1000,1000,5
9.813559,main_prl_v3,10,10,10,100,1000,1000,5
9.915466,main_prl_v3,10,10,10,100,1000,1000,5
9.734890,main_prl_v3,10,10,10,100,1000,1000,5
9.795637,main_prl_v3,10,10,10,100,1000,1000,5
9.680960,main_prl_v3,10,10,10,100,1000,1000,5
9.675481,main_prl_v3,10,10,10,100,1000,1000,5
9.725323,main_prl_v3,20,10,10,100,1000,1000,10
9.940068,main_prl_v3,20,10,10,100,1000,1000,10
9.940794,main_prl_v3,20,10,10,100,1000,1000,10
9.720897,main_prl_v3,20,10,10,100,1000,1000,10
9.665857,main_prl_v3,20,10,10,100,1000,1000,10
9.830291,main_prl_v3,20,10,10,100,1000,1000,10
9.749346,main_prl_v3,20,10,10,100,1000,1000,10
9.843522,main_prl_v3,20,10,10,100,1000,1000,10
9.751049,main_prl_v3,20,10,10,100,1000,1000,10
9.713622,main_prl_v3,20,10,10,100,1000,1000,10
9.794137,main_prl_v3,10,20,10,100,1000,1000,10
9.660077,main_prl_v3,10,20,10,100,1000,1000,10
9.852303,main_prl_v3,10,20,10,100,1000,1000,10
9.966913,main_prl_v3,10,20,10,100,1000,1000,10
9.720617,main_prl_v3,10,20,10,100,1000,1000,10
9.773171,main_prl_v3,10,20,10,100,1000,1000,10
10.088486,main_prl_v3,10,20,10,100,1000,1000,10
9.782324,main_prl_v3,10,20,10,100,1000,1000,10
9.932980,main_prl_v3,10,20,10,100,1000,1000,10
9.883686,main_prl_v3,10,20,10,100,1000,1000,10
10.097517,main_prl_v3,10,10,20,100,1000,1000,10
10.884542,main_prl_v3,10,10,20,100,1000,1000,10
9.789842,main_prl_v3,10,10,20,100,1000,1000,10
9.648138,main_prl_v3,10,10,20,100,1000,1000,10
10.527411,main_prl_v3,10,10,20,100,1000,1000,10
9.811473,main_prl_v3,10,10,20,100,1000,1000,10
9.774059,main_prl_v3,10,10,20,100,1000,1000,10
9.752205,main_prl_v3,10,10,20,100,1000,1000,10
9.893413,main_prl_v3,10,10,20,100,1000,1000,10
9.922450,main_prl_v3,10,10,20,100,1000,1000,10
19.636630,main_prl_v3,10,10,10,200,1000,1000,10
19.536308,main_prl_v3,10,10,10,200,1000,1000,10
19.541213,main_prl_v3,10,10,10,200,1000,1000,10
19.536005,main_prl_v3,10,10,10,200,1000,1000,10
20.030295,main_prl_v3,10,10,10,200,1000,1000,10
19.952172,main_prl_v3,10,10,10,200,1000,1000,10
19.736885,main_prl_v3,10,10,10,200,1000,1000,10
19.839669,main_prl_v3,10,10,10,200,1000,1000,10
20.099224,main_prl_v3,10,10,10,200,1000,1000,10
19.982574,main_prl_v3,10,10,10,200,1000,1000,10
22.162720,main_prl_v3,10,10,10,100,2000,2000,10
21.974911,main_prl_v3,10,10,10,100,2000,2000,10
20.329784,main_prl_v3,10,10,10,100,2000,2000,10
20.740714,main_prl_v3,10,10,10,100,2000,2000,10
20.904881,main_prl_v3,10,10,10,100,2000,2000,10
20.966499,main_prl_v3,10,10,10,100,2000,2000,10
22.259171,main_prl_v3,10,10,10,100,2000,2000,10
22.346174,main_prl_v3,10,10,10,100,2000,2000,10
22.159997,main_prl_v3,10,10,10,100,2000,2000,10
22.046330,main_prl_v3,10,10,10,100,2000,2000,10
10.612350,main_prl_v3,10,10,10,100,1000,1000,20
10.306611,main_prl_v3,10,10,10,100,1000,1000,20
10.489303,main_prl_v3,10,10,10,100,1000,1000,20
10.394222,main_prl_v3,10,10,10,100,1000,1000,20
9.312457,main_prl_v3,10,10,10,100,1000,1000,20
9.468759,main_prl_v3,10,10,10,100,1000,1000,20
8.897646,main_prl_v3,10,10,10,100,1000,1000,20
9.303001,main_prl_v3,10,10,10,100,1000,1000,20
9.626218,main_prl_v3,10,10,10,100,1000,1000,20
9.411875,main_prl_v3,10,10,10,100,1000,1000,20
9.384172,main_prl_v3,40,10,10,100,1000,1000,10
9.572109,main_prl_v3,40,10,10,100,1000,1000,10
10.292756,main_prl_v3,40,10,10,100,1000,1000,10
10.004758,main_prl_v3,40,10,10,100,1000,1000,10
9.648077,main_prl_v3,40,10,10,100,1000,1000,10
10.004086,main_prl_v3,40,10,10,100,1000,1000,10
9.866744,main_prl_v3,40,10,10,100,1000,1000,10
9.665550,main_prl_v3,40,10,10,100,1000,1000,10
9.829894,main_prl_v3,40,10,10,100,1000,1000,10
9.903722,main_prl_v3,40,10,10,100,1000,1000,10
9.796035,main_prl_v3,10,40,10,100,1000,1000,10
9.710839,main_prl_v3,10,40,10,100,1000,1000,10
10.288478,main_prl_v3,10,40,10,100,1000,1000,10
10.197534,main_prl_v3,10,40,10,100,1000,1000,10
9.977740,main_prl_v3,10,40,10,100,1000,1000,10
9.777214,main_prl_v3,10,40,10,100,1000,1000,10
10.149376,main_prl_v3,10,40,10,100,1000,1000,10
9.924527,main_prl_v3,10,40,10,100,1000,1000,10
10.017305,main_prl_v3,10,40,10,100,1000,1000,10
9.802985,main_prl_v3,10,40,10,100,1000,1000,10
9.767992,main_prl_v3,10,10,40,100,1000,1000,10
9.910845,main_prl_v3,10,10,40,100,1000,1000,10
9.909987,main_prl_v3,10,10,40,100,1000,1000,10
10.034313,main_prl_v3,10,10,40,100,1000,1000,10
9.853328,main_prl_v3,10,10,40,100,1000,1000,10
10.042287,main_prl_v3,10,10,40,100,1000,1000,10
9.973096,main_prl_v3,10,10,40,100,1000,1000,10
10.095624,main_prl_v3,10,10,40,100,1000,1000,10
10.546328,main_prl_v3,10,10,40,100,1000,1000,10
10.007195,main_prl_v3,10,10,40,100,1000,1000,10
20.069597,main_prl_v3,10,10,10,200,1000,1000,10
20.874419,main_prl_v3,10,10,10,200,1000,1000,10
20.121099,main_prl_v3,10,10,10,200,1000,1000,10
19.978414,main_prl_v3,10,10,10,200,1000,1000,10
19.857805,main_prl_v3,10,10,10,200,1000,1000,10
19.875831,main_prl_v3,10,10,10,200,1000,1000,10
20.052538,main_prl_v3,10,10,10,200,1000,1000,10
18.719042,main_prl_v3,10,10,10,200,1000,1000,10
17.588795,main_prl_v3,10,10,10,200,1000,1000,10
18.757599,main_prl_v3,10,10,10,200,1000,1000,10
57.723661,main_prl_v3,10,10,10,100,4000,4000,10
58.995581,main_prl_v3,10,10,10,100,4000,4000,10
58.630477,main_prl_v3,10,10,10,100,4000,4000,10
58.049405,main_prl_v3,10,10,10,100,4000,4000,10
58.374744,main_prl_v3,10,10,10,100,4000,4000,10
58.364479,main_prl_v3,10,10,10,100,4000,4000,10
59.360635,main_prl_v3,10,10,10,100,4000,4000,10
60.745140,main_prl_v3,10,10,10,100,4000,4000,10
56.490656,main_prl_v3,10,10,10,100,4000,4000,10
59.566999,main_prl_v3,10,10,10,100,4000,4000,10
10.441108,main_prl_v3,10,10,10,100,1000,1000,40
9.306577,main_prl_v3,10,10,10,100,1000,1000,40
9.297777,main_prl_v3,10,10,10,100,1000,1000,40
9.071067,main_prl_v3,10,10,10,100,1000,1000,40
9.384957,main_prl_v3,10,10,10,100,1000,1000,40
9.141933,main_prl_v3,10,10,10,100,1000,1000,40
9.641767,main_prl_v3,10,10,10,100,1000,1000,40
9.226345,main_prl_v3,10,10,10,100,1000,1000,40
9.371363,main_prl_v3,10,10,10,100,1000,1000,40
9.484019,main_prl_v3,10,10,10,100,1000,1000,40
7.236180,main_prl_v4,5,10,10,100,1000,1000,10
7.239833,main_prl_v4,5,10,10,100,1000,1000,10
6.758889,main_prl_v4,5,10,10,100,1000,1000,10
7.477030,main_prl_v4,5,10,10,100,1000,1000,10
7.425822,main_prl_v4,5,10,10,100,1000,1000,10
7.060402,main_prl_v4,5,10,10,100,1000,1000,10
7.127944,main_prl_v4,5,10,10,100,1000,1000,10
7.794123,main_prl_v4,5,10,10,100,1000,1000,10
7.365805,main_prl_v4,5,10,10,100,1000,1000,10
7.801615,main_prl_v4,5,10,10,100,1000,1000,10
7.932954,main_prl_v4,10,5,10,100,1000,1000,10
7.345339,main_prl_v4,10,5,10,100,1000,1000,10
9.915213,main_prl_v4,10,5,10,100,1000,1000,10
8.092530,main_prl_v4,10,5,10,100,1000,1000,10
7.960108,main_prl_v4,10,5,10,100,1000,1000,10
7.904258,main_prl_v4,10,5,10,100,1000,1000,10
7.968260,main_prl_v4,10,5,10,100,1000,1000,10
8.206324,main_prl_v4,10,5,10,100,1000,1000,10
8.196947,main_prl_v4,10,5,10,100,1000,1000,10
8.138364,main_prl_v4,10,5,10,100,1000,1000,10
8.234755,main_prl_v4,10,10,5,100,1000,1000,10
8.071081,main_prl_v4,10,10,5,100,1000,1000,10
8.366573,main_prl_v4,10,10,5,100,1000,1000,10
8.416754,main_prl_v4,10,10,5,100,1000,1000,10
8.281455,main_prl_v4,10,10,5,100,1000,1000,10
8.357493,main_prl_v4,10,10,5,100,1000,1000,10
8.350356,main_prl_v4,10,10,5,100,1000,1000,10
9.106468,main_prl_v4,10,10,5,100,1000,1000,10
8.387207,main_prl_v4,10,10,5,100,1000,1000,10
8.151734,main_prl_v4,10,10,5,100,1000,1000,10
4.141273,main_prl_v4,10,10,10,50,1000,1000,10
4.182797,main_prl_v4,10,10,10,50,1000,1000,10
4.155436,main_prl_v4,10,10,10,50,1000,1000,10
4.142546,main_prl_v4,10,10,10,50,1000,1000,10
4.360349,main_prl_v4,10,10,10,50,1000,1000,10
4.166788,main_prl_v4,10,10,10,50,1000,1000,10
4.166965,main_prl_v4,10,10,10,50,1000,1000,10
4.155488,main_prl_v4,10,10,10,50,1000,1000,10
4.089093,main_prl_v4,10,10,10,50,1000,1000,10
4.059241,main_prl_v4,10,10,10,50,1000,1000,10
1.868074,main_prl_v4,10,10,10,100,500,500,20
1.823689,main_prl_v4,10,10,10,100,500,500,20
1.902556,main_prl_v4,10,10,10,100,500,500,20
2.029967,main_prl_v4,10,10,10,100,500,500,20
1.865018,main_prl_v4,10,10,10,100,500,500,20
1.874149,main_prl_v4,10,10,10,100,500,500,20
1.892578,main_prl_v4,10,10,10,100,500,500,20
1.909573,main_prl_v4,10,10,10,100,500,500,20
1.873600,main_prl_v4,10,10,10,100,500,500,20
1.922881,main_prl_v4,10,10,10,100,500,500,20
8.335030,main_prl_v4,10,10,10,100,1000,1000,5
8.178419,main_prl_v4,10,10,10,100,1000,1000,5
8.382596,main_prl_v4,10,10,10,100,1000,1000,5
8.396822,main_prl_v4,10,10,10,100,1000,1000,5
8.306881,main_prl_v4,10,10,10,100,1000,1000,5
8.249527,main_prl_v4,10,10,10,100,1000,1000,5
8.320143,main_prl_v4,10,10,10,100,1000,1000,5
8.308339,main_prl_v4,10,10,10,100,1000,1000,5
8.260090,main_prl_v4,10,10,10,100,1000,1000,5
8.327166,main_prl_v4,10,10,10,100,1000,1000,5
8.387391,main_prl_v4,20,10,10,100,1000,1000,10
8.416805,main_prl_v4,20,10,10,100,1000,1000,10
8.344830,main_prl_v4,20,10,10,100,1000,1000,10
8.374799,main_prl_v4,20,10,10,100,1000,1000,10
8.672586,main_prl_v4,20,10,10,100,1000,1000,10
8.497012,main_prl_v4,20,10,10,100,1000,1000,10
8.509114,main_prl_v4,20,10,10,100,1000,1000,10
8.391426,main_prl_v4,20,10,10,100,1000,1000,10
8.149394,main_prl_v4,20,10,10,100,1000,1000,10
8.448069,main_prl_v4,20,10,10,100,1000,1000,10
8.281166,main_prl_v4,10,20,10,100,1000,1000,10
8.320761,main_prl_v4,10,20,10,100,1000,1000,10
8.345334,main_prl_v4,10,20,10,100,1000,1000,10
8.309622,main_prl_v4,10,20,10,100,1000,1000,10
8.525424,main_prl_v4,10,20,10,100,1000,1000,10
8.282806,main_prl_v4,10,20,10,100,1000,1000,10
8.338418,main_prl_v4,10,20,10,100,1000,1000,10
8.389205,main_prl_v4,10,20,10,100,1000,1000,10
8.520604,main_prl_v4,10,20,10,100,1000,1000,10
8.326307,main_prl_v4,10,20,10,100,1000,1000,10
8.300941,main_prl_v4,10,10,20,100,1000,1000,10
8.647007,main_prl_v4,10,10,20,100,1000,1000,10
8.412997,main_prl_v4,10,10,20,100,1000,1000,10
8.645043,main_prl_v4,10,10,20,100,1000,1000,10
8.245434,main_prl_v4,10,10,20,100,1000,1000,10
8.428406,main_prl_v4,10,10,20,100,1000,1000,10
8.355537,main_prl_v4,10,10,20,100,1000,1000,10
8.357010,main_prl_v4,10,10,20,100,1000,1000,10
8.414315,main_prl_v4,10,10,20,100,1000,1000,10
8.610470,main_prl_v4,10,10,20,100,1000,1000,10
16.675952,main_prl_v4,10,10,10,200,1000,1000,10
16.868386,main_prl_v4,10,10,10,200,1000,1000,10
16.718651,main_prl_v4,10,10,10,200,1000,1000,10
16.932005,main_prl_v4,10,10,10,200,1000,1000,10
16.789064,main_prl_v4,10,10,10,200,1000,1000,10
17.087276,main_prl_v4,10,10,10,200,1000,1000,10
17.095247,main_prl_v4,10,10,10,200,1000,1000,10
17.056463,main_prl_v4,10,10,10,200,1000,1000,10
17.258970,main_prl_v4,10,10,10,200,1000,1000,10
16.872596,main_prl_v4,10,10,10,200,1000,1000,10
32.800916,main_prl_v4,10,10,10,100,2000,2000,10
32.453408,main_prl_v4,10,10,10,100,2000,2000,10
32.260267,main_prl_v4,10,10,10,100,2000,2000,10
32.594501,main_prl_v4,10,10,10,100,2000,2000,10
32.422990,main_prl_v4,10,10,10,100,2000,2000,10
32.367977,main_prl_v4,10,10,10,100,2000,2000,10
32.731725,main_prl_v4,10,10,10,100,2000,2000,10
32.685272,main_prl_v4,10,10,10,100,2000,2000,10
32.701562,main_prl_v4,10,10,10,100,2000,2000,10
32.789011,main_prl_v4,10,10,10,100,2000,2000,10
8.711254,main_prl_v4,10,10,10,100,1000,1000,20
8.899760,main_prl_v4,10,10,10,100,1000,1000,20
8.748147,main_prl_v4,10,10,10,100,1000,1000,20
8.668846,main_prl_v4,10,10,10,100,1000,1000,20
8.805994,main_prl_v4,10,10,10,100,1000,1000,20
8.917691,main_prl_v4,10,10,10,100,1000,1000,20
8.651761,main_prl_v4,10,10,10,100,1000,1000,20
8.834947,main_prl_v4,10,10,10,100,1000,1000,20
8.848378,main_prl_v4,10,10,10,100,1000,1000,20
9.100575,main_prl_v4,10,10,10,100,1000,1000,20
7.990988,main_prl_v4,40,10,10,100,1000,1000,10
7.966938,main_prl_v4,40,10,10,100,1000,1000,10
7.729934,main_prl_v4,40,10,10,100,1000,1000,10
8.159106,main_prl_v4,40,10,10,100,1000,1000,10
8.137815,main_prl_v4,40,10,10,100,1000,1000,10
8.280495,main_prl_v4,40,10,10,100,1000,1000,10
8.334897,main_prl_v4,40,10,10,100,1000,1000,10
8.393910,main_prl_v4,40,10,10,100,1000,1000,10
8.807131,main_prl_v4,40,10,10,100,1000,1000,10
8.419944,main_prl_v4,40,10,10,100,1000,1000,10
8.387272,main_prl_v4,10,40,10,100,1000,1000,10
8.353705,main_prl_v4,10,40,10,100,1000,1000,10
8.456679,main_prl_v4,10,40,10,100,1000,1000,10
8.291140,main_prl_v4,10,40,10,100,1000,1000,10
8.705697,main_prl_v4,10,40,10,100,1000,1000,10
8.615615,main_prl_v4,10,40,10,100,1000,1000,10
8.560953,main_prl_v4,10,40,10,100,1000,1000,10
8.757912,main_prl_v4,10,40,10,100,1000,1000,10
8.781955,main_prl_v4,10,40,10,100,1000,1000,10
8.562377,main_prl_v4,10,40,10,100,1000,1000,10
8.268517,main_prl_v4,10,10,40,100,1000,1000,10
8.256742,main_prl_v4,10,10,40,100,1000,1000,10
8.442615,main_prl_v4,10,10,40,100,1000,1000,10
8.354346,main_prl_v4,10,10,40,100,1000,1000,10
8.432751,main_prl_v4,10,10,40,100,1000,1000,10
8.249838,main_prl_v4,10,10,40,100,1000,1000,10
8.558564,main_prl_v4,10,10,40,100,1000,1000,10
8.402037,main_prl_v4,10,10,40,100,1000,1000,10
8.437493,main_prl_v4,10,10,40,100,1000,1000,10
8.304370,main_prl_v4,10,10,40,100,1000,1000,10
16.713927,main_prl_v4,10,10,10,200,1000,1000,10
16.654205,main_prl_v4,10,10,10,200,1000,1000,10
16.759603,main_prl_v4,10,10,10,200,1000,1000,10
16.594875,main_prl_v4,10,10,10,200,1000,1000,10
16.919858,main_prl_v4,10,10,10,200,1000,1000,10
16.662566,main_prl_v4,10,10,10,200,1000,1000,10
16.723418,main_prl_v4,10,10,10,200,1000,1000,10
16.586538,main_prl_v4,10,10,10,200,1000,1000,10
17.013186,main_prl_v4,10,10,10,200,1000,1000,10
16.505288,main_prl_v4,10,10,10,200,1000,1000,10
72.734317,main_prl_v4,10,10,10,100,4000,4000,10
71.246137,main_prl_v4,10,10,10,100,4000,4000,10
71.732802,main_prl_v4,10,10,10,100,4000,4000,10
71.482655,main_prl_v4,10,10,10,100,4000,4000,10
70.411743,main_prl_v4,10,10,10,100,4000,4000,10
72.168989,main_prl_v4,10,10,10,100,4000,4000,10
69.513900,main_prl_v4,10,10,10,100,4000,4000,10
70.482849,main_prl_v4,10,10,10,100,4000,4000,10
72.306486,main_prl_v4,10,10,10,100,4000,4000,10
69.183091,main_prl_v4,10,10,10,100,4000,4000,10
8.409408,main_prl_v4,10,10,10,100,1000,1000,40
8.400183,main_prl_v4,10,10,10,100,1000,1000,40
8.502770,main_prl_v4,10,10,10,100,1000,1000,40
8.396638,main_prl_v4,10,10,10,100,1000,1000,40
8.535878,main_prl_v4,10,10,10,100,1000,1000,40
8.482053,main_prl_v4,10,10,10,100,1000,1000,40
8.387683,main_prl_v4,10,10,10,100,1000,1000,40
8.417913,main_prl_v4,10,10,10,100,1000,1000,40
8.553843,main_prl_v4,10,10,10,100,1000,1000,40
8.428889,main_prl_v4,10,10,10,100,1000,1000,40
3.554268,main_prl_v5,5,10,10,100,1000,1000,10
3.479573,main_prl_v5,5,10,10,100,1000,1000,10
3.540200,main_prl_v5,5,10,10,100,1000,1000,10
3.822656,main_prl_v5,5,10,10,100,1000,1000,10
3.742209,main_prl_v5,5,10,10,100,1000,1000,10
3.706573,main_prl_v5,5,10,10,100,1000,1000,10
3.881994,main_prl_v5,5,10,10,100,1000,1000,10
3.572151,main_prl_v5,5,10,10,100,1000,1000,10
3.931526,main_prl_v5,5,10,10,100,1000,1000,10
4.053762,main_prl_v5,5,10,10,100,1000,1000,10
3.747128,main_prl_v5,10,5,10,100,1000,1000,10
3.661346,main_prl_v5,10,5,10,100,1000,1000,10
4.097060,main_prl_v5,10,5,10,100,1000,1000,10
3.844795,main_prl_v5,10,5,10,100,1000,1000,10
3.954704,main_prl_v5,10,5,10,100,1000,1000,10
3.824854,main_prl_v5,10,5,10,100,1000,1000,10
3.897880,main_prl_v5,10,5,10,100,1000,1000,10
3.983479,main_prl_v5,10,5,10,100,1000,1000,10
4.515750,main_prl_v5,10,5,10,100,1000,1000,10
3.993599,main_prl_v5,10,5,10,100,1000,1000,10
3.792397,main_prl_v5,10,10,5,100,1000,1000,10
3.788421,main_prl_v5,10,10,5,100,1000,1000,10
4.219227,main_prl_v5,10,10,5,100,1000,1000,10
4.007191,main_prl_v5,10,10,5,100,1000,1000,10
4.023482,main_prl_v5,10,10,5,100,1000,1000,10
4.021444,main_prl_v5,10,10,5,100,1000,1000,10
3.954942,main_prl_v5,10,10,5,100,1000,1000,10
4.035791,main_prl_v5,10,10,5,100,1000,1000,10
4.020685,main_prl_v5,10,10,5,100,1000,1000,10
4.220684,main_prl_v5,10,10,5,100,1000,1000,10
2.010672,main_prl_v5,10,10,10,50,1000,1000,10
2.059420,main_prl_v5,10,10,10,50,1000,1000,10
2.063252,main_prl_v5,10,10,10,50,1000,1000,10
2.276769,main_prl_v5,10,10,10,50,1000,1000,10
2.050123,main_prl_v5,10,10,10,50,1000,1000,10
2.110467,main_prl_v5,10,10,10,50,1000,1000,10
2.072380,main_prl_v5,10,10,10,50,1000,1000,10
2.234634,main_prl_v5,10,10,10,50,1000,1000,10
2.195463,main_prl_v5,10,10,10,50,1000,1000,10
2.141316,main_prl_v5,10,10,10,50,1000,1000,10
1.069635,main_prl_v5,10,10,10,100,500,500,20
0.996609,main_prl_v5,10,10,10,100,500,500,20
0.996348,main_prl_v5,10,10,10,100,500,500,20
1.007358,main_prl_v5,10,10,10,100,500,500,20
1.039044,main_prl_v5,10,10,10,100,500,500,20
1.013548,main_prl_v5,10,10,10,100,500,500,20
1.004481,main_prl_v5,10,10,10,100,500,500,20
1.020288,main_prl_v5,10,10,10,100,500,500,20
1.004411,main_prl_v5,10,10,10,100,500,500,20
1.003602,main_prl_v5,10,10,10,100,500,500,20
4.283882,main_prl_v5,10,10,10,100,1000,1000,5
4.210304,main_prl_v5,10,10,10,100,1000,1000,5
3.901248,main_prl_v5,10,10,10,100,1000,1000,5
3.999829,main_prl_v5,10,10,10,100,1000,1000,5
3.722512,main_prl_v5,10,10,10,100,1000,1000,5
3.934924,main_prl_v5,10,10,10,100,1000,1000,5
4.109607,main_prl_v5,10,10,10,100,1000,1000,5
3.980067,main_prl_v5,10,10,10,100,1000,1000,5
3.858918,main_prl_v5,10,10,10,100,1000,1000,5
4.180195,main_prl_v5,10,10,10,100,1000,1000,5
4.239151,main_prl_v5,20,10,10,100,1000,1000,10
3.842186,main_prl_v5,20,10,10,100,1000,1000,10
4.409772,main_prl_v5,20,10,10,100,1000,1000,10
4.400344,main_prl_v5,20,10,10,100,1000,1000,10
4.379640,main_prl_v5,20,10,10,100,1000,1000,10
4.355040,main_prl_v5,20,10,10,100,1000,1000,10
4.380781,main_prl_v5,20,10,10,100,1000,1000,10
4.334547,main_prl_v5,20,10,10,100,1000,1000,10
3.958889,main_prl_v5,20,10,10,100,1000,1000,10
3.848159,main_prl_v5,20,10,10,100,1000,1000,10
3.825845,main_prl_v5,10,20,10,100,1000,1000,10
3.823386,main_prl_v5,10,20,10,100,1000,1000,10
3.838363,main_prl_v5,10,20,10,100,1000,1000,10
3.829895,main_prl_v5,10,20,10,100,1000,1000,10
3.950396,main_prl_v5,10,20,10,100,1000,1000,10
4.067078,main_prl_v5,10,20,10,100,1000,1000,10
4.004210,main_prl_v5,10,20,10,100,1000,1000,10
4.107403,main_prl_v5,10,20,10,100,1000,1000,10
4.421821,main_prl_v5,10,20,10,100,1000,1000,10
4.457361,main_prl_v5,10,20,10,100,1000,1000,10
3.960786,main_prl_v5,10,10,20,100,1000,1000,10
3.889383,main_prl_v5,10,10,20,100,1000,1000,10
4.109170,main_prl_v5,10,10,20,100,1000,1000,10
3.783110,main_prl_v5,10,10,20,100,1000,1000,10
4.083309,main_prl_v5,10,10,20,100,1000,1000,10
3.924089,main_prl_v5,10,10,20,100,1000,1000,10
4.052057,main_prl_v5,10,10,20,100,1000,1000,10
4.075763,main_prl_v5,10,10,20,100,1000,1000,10
4.066181,main_prl_v5,10,10,20,100,1000,1000,10
4.149581,main_prl_v5,10,10,20,100,1000,1000,10
8.224064,main_prl_v5,10,10,10,200,1000,1000,10
8.360498,main_prl_v5,10,10,10,200,1000,1000,10
8.285018,main_prl_v5,10,10,10,200,1000,1000,10
8.427313,main_prl_v5,10,10,10,200,1000,1000,10
8.556188,main_prl_v5,10,10,10,200,1000,1000,10
8.485789,main_prl_v5,10,10,10,200,1000,1000,10
8.405086,main_prl_v5,10,10,10,200,1000,1000,10
8.576290,main_prl_v5,10,10,10,200,1000,1000,10
8.461881,main_prl_v5,10,10,10,200,1000,1000,10
7.658808,main_prl_v5,10,10,10,200,1000,1000,10
15.124209,main_prl_v5,10,10,10,100,2000,2000,10
16.129049,main_prl_v5,10,10,10,100,2000,2000,10
15.739410,main_prl_v5,10,10,10,100,2000,2000,10
16.847890,main_prl_v5,10,10,10,100,2000,2000,10
16.509134,main_prl_v5,10,10,10,100,2000,2000,10
16.505329,main_prl_v5,10,10,10,100,2000,2000,10
16.135248,main_prl_v5,10,10,10,100,2000,2000,10
15.914709,main_prl_v5,10,10,10,100,2000,2000,10
15.846784,main_prl_v5,10,10,10,100,2000,2000,10
17.265515,main_prl_v5,10,10,10,100,2000,2000,10
4.421268,main_prl_v5,10,10,10,100,1000,1000,20
4.326533,main_prl_v5,10,10,10,100,1000,1000,20
4.356113,main_prl_v5,10,10,10,100,1000,1000,20
4.374175,main_prl_v5,10,10,10,100,1000,1000,20
3.972683,main_prl_v5,10,10,10,100,1000,1000,20
3.913705,main_prl_v5,10,10,10,100,1000,1000,20
3.700393,main_prl_v5,10,10,10,100,1000,1000,20
3.973960,main_prl_v5,10,10,10,100,1000,1000,20
3.696474,main_prl_v5,10,10,10,100,1000,1000,20
4.060972,main_prl_v5,10,10,10,100,1000,1000,20
4.006813,main_prl_v5,40,10,10,100,1000,1000,10
4.037123,main_prl_v5,40,10,10,100,1000,1000,10
4.165834,main_prl_v5,40,10,10,100,1000,1000,10
4.041044,main_prl_v5,40,10,10,100,1000,1000,10
4.156523,main_prl_v5,40,10,10,100,1000,1000,10
4.081052,main_prl_v5,40,10,10,100,1000,1000,10
4.149809,main_prl_v5,40,10,10,100,1000,1000,10
4.137511,main_prl_v5,40,10,10,100,1000,1000,10
4.255459,main_prl_v5,40,10,10,100,1000,1000,10
4.192495,main_prl_v5,40,10,10,100,1000,1000,10
4.219062,main_prl_v5,10,40,10,100,1000,1000,10
4.121460,main_prl_v5,10,40,10,100,1000,1000,10
4.111537,main_prl_v5,10,40,10,100,1000,1000,10
4.126994,main_prl_v5,10,40,10,100,1000,1000,10
4.198651,main_prl_v5,10,40,10,100,1000,1000,10
4.162248,main_prl_v5,10,40,10,100,1000,1000,10
4.124507,main_prl_v5,10,40,10,100,1000,1000,10
4.141464,main_prl_v5,10,40,10,100,1000,1000,10
4.301274,main_prl_v5,10,40,10,100,1000,1000,10
4.227501,main_prl_v5,10,40,10,100,1000,1000,10
4.258533,main_prl_v5,10,10,40,100,1000,1000,10
4.199772,main_prl_v5,10,10,40,100,1000,1000,10
4.163211,main_prl_v5,10,10,40,100,1000,1000,10
4.233210,main_prl_v5,10,10,40,100,1000,1000,10
4.176125,main_prl_v5,10,10,40,100,1000,1000,10
4.172327,main_prl_v5,10,10,40,100,1000,1000,10
3.947141,main_prl_v5,10,10,40,100,1000,1000,10
3.846027,main_prl_v5,10,10,40,100,1000,1000,10
3.685888,main_prl_v5,10,10,40,100,1000,1000,10
4.057189,main_prl_v5,10,10,40,100,1000,1000,10
7.463645,main_prl_v5,10,10,10,200,1000,1000,10
8.060301,main_prl_v5,10,10,10,200,1000,1000,10
7.974799,main_prl_v5,10,10,10,200,1000,1000,10
8.379550,main_prl_v5,10,10,10,200,1000,1000,10
8.304259,main_prl_v5,10,10,10,200,1000,1000,10
8.235948,main_prl_v5,10,10,10,200,1000,1000,10
8.353897,main_prl_v5,10,10,10,200,1000,1000,10
8.328223,main_prl_v5,10,10,10,200,1000,1000,10
8.142738,main_prl_v5,10,10,10,200,1000,1000,10
8.433181,main_prl_v5,10,10,10,200,1000,1000,10
43.977111,main_prl_v5,10,10,10,100,4000,4000,10
45.718628,main_prl_v5,10,10,10,100,4000,4000,10
46.368946,main_prl_v5,10,10,10,100,4000,4000,10
46.714690,main_prl_v5,10,10,10,100,4000,4000,10
46.684257,main_prl_v5,10,10,10,100,4000,4000,10
46.743843,main_prl_v5,10,10,10,100,4000,4000,10
43.189581,main_prl_v5,10,10,10,100,4000,4000,10
46.175831,main_prl_v5,10,10,10,100,4000,4000,10
47.056547,main_prl_v5,10,10,10,100,4000,4000,10
46.829297,main_prl_v5,10,10,10,100,4000,4000,10
4.146835,main_prl_v5,10,10,10,100,1000,1000,40
3.728085,main_prl_v5,10,10,10,100,1000,1000,40
3.595725,main_prl_v5,10,10,10,100,1000,1000,40
3.802015,main_prl_v5,10,10,10,100,1000,1000,40
3.660629,main_prl_v5,10,10,10,100,1000,1000,40
3.782722,main_prl_v5,10,10,10,100,1000,1000,40
3.608566,main_prl_v5,10,10,10,100,1000,1000,40
3.872609,main_prl_v5,10,10,10,100,1000,1000,40
3.768768,main_prl_v5,10,10,10,100,1000,1000,40
3.809386,main_prl_v5,10,10,10,100,1000,1000,40
8.255705,main_prl_v6,5,10,10,100,1000,1000,10
8.270040,main_prl_v6,5,10,10,100,1000,1000,10
8.369460,main_prl_v6,5,10,10,100,1000,1000,10
8.401610,main_prl_v6,5,10,10,100,1000,1000,10
8.465543,main_prl_v6,5,10,10,100,1000,1000,10
8.301130,main_prl_v6,5,10,10,100,1000,1000,10
8.279460,main_prl_v6,5,10,10,100,1000,1000,10
8.352481,main_prl_v6,5,10,10,100,1000,1000,10
8.374310,main_prl_v6,5,10,10,100,1000,1000,10
8.420400,main_prl_v6,5,10,10,100,1000,1000,10
9.963701,main_prl_v6,10,5,10,100,1000,1000,10
8.211718,main_prl_v6,10,5,10,100,1000,1000,10
10.114141,main_prl_v6,10,5,10,100,1000,1000,10
8.417833,main_prl_v6,10,5,10,100,1000,1000,10
10.559783,main_prl_v6,10,5,10,100,1000,1000,10
10.479790,main_prl_v6,10,5,10,100,1000,1000,10
8.439288,main_prl_v6,10,5,10,100,1000,1000,10
10.585374,main_prl_v6,10,5,10,100,1000,1000,10
10.690845,main_prl_v6,10,5,10,100,1000,1000,10
9.567046,main_prl_v6,10,5,10,100,1000,1000,10
9.693599,main_prl_v6,10,10,5,100,1000,1000,10
11.401380,main_prl_v6,10,10,5,100,1000,1000,10
10.611504,main_prl_v6,10,10,5,100,1000,1000,10
11.137169,main_prl_v6,10,10,5,100,1000,1000,10
10.845640,main_prl_v6,10,10,5,100,1000,1000,10
10.555926,main_prl_v6,10,10,5,100,1000,1000,10
11.236435,main_prl_v6,10,10,5,100,1000,1000,10
11.107472,main_prl_v6,10,10,5,100,1000,1000,10
11.026423,main_prl_v6,10,10,5,100,1000,1000,10
11.040052,main_prl_v6,10,10,5,100,1000,1000,10
5.410657,main_prl_v6,10,10,10,50,1000,1000,10
5.442768,main_prl_v6,10,10,10,50,1000,1000,10
5.038010,main_prl_v6,10,10,10,50,1000,1000,10
5.421955,main_prl_v6,10,10,10,50,1000,1000,10
5.520888,main_prl_v6,10,10,10,50,1000,1000,10
5.565853,main_prl_v6,10,10,10,50,1000,1000,10
5.420449,main_prl_v6,10,10,10,50,1000,1000,10
5.441715,main_prl_v6,10,10,10,50,1000,1000,10
5.649341,main_prl_v6,10,10,10,50,1000,1000,10
5.403105,main_prl_v6,10,10,10,50,1000,1000,10
4.134880,main_prl_v6,10,10,10,100,500,500,20
3.477715,main_prl_v6,10,10,10,100,500,500,20
3.821320,main_prl_v6,10,10,10,100,500,500,20
3.962604,main_prl_v6,10,10,10,100,500,500,20
3.674821,main_prl_v6,10,10,10,100,500,500,20
3.871290,main_prl_v6,10,10,10,100,500,500,20
4.008597,main_prl_v6,10,10,10,100,500,500,20
3.672715,main_prl_v6,10,10,10,100,500,500,20
3.988754,main_prl_v6,10,10,10,100,500,500,20
3.459614,main_prl_v6,10,10,10,100,500,500,20
10.966280,main_prl_v6,10,10,10,100,1000,1000,5
11.166647,main_prl_v6,10,10,10,100,1000,1000,5
10.637772,main_prl_v6,10,10,10,100,1000,1000,5
10.992263,main_prl_v6,10,10,10,100,1000,1000,5
11.188218,main_prl_v6,10,10,10,100,1000,1000,5
10.576135,main_prl_v6,10,10,10,100,1000,1000,5
11.025170,main_prl_v6,10,10,10,100,1000,1000,5
11.437793,main_prl_v6,10,10,10,100,1000,1000,5
10.922711,main_prl_v6,10,10,10,100,1000,1000,5
10.616736,main_prl_v6,10,10,10,100,1000,1000,5
10.669152,main_prl_v6,20,10,10,100,1000,1000,10
10.431149,main_prl_v6,20,10,10,100,1000,1000,10
10.393458,main_prl_v6,20,10,10,100,1000,1000,10
10.872767,main_prl_v6,20,10,10,100,1000,1000,10
11.116352,main_prl_v6,20,10,10,100,1000,1000,10
11.220209,main_prl_v6,20,10,10,100,1000,1000,10
11.131761,main_prl_v6,20,10,10,100,1000,1000,10
11.365728,main_prl_v6,20,10,10,100,1000,1000,10
11.157317,main_prl_v6,20,10,10,100,1000,1000,10
11.131960,main_prl_v6,20,10,10,100,1000,1000,10
11.411285,main_prl_v6,10,20,10,100,1000,1000,10
11.021704,main_prl_v6,10,20,10,100,1000,1000,10
11.314804,main_prl_v6,10,20,10,100,1000,1000,10
11.123284,main_prl_v6,10,20,10,100,1000,1000,10
11.422931,main_prl_v6,10,20,10,100,1000,1000,10
11.208749,main_prl_v6,10,20,10,100,1000,1000,10
11.538750,main_prl_v6,10,20,10,100,1000,1000,10
11.386414,main_prl_v6,10,20,10,100,1000,1000,10
11.496431,main_prl_v6,10,20,10,100,1000,1000,10
11.084031,main_prl_v6,10,20,10,100,1000,1000,10
10.862693,main_prl_v6,10,10,20,100,1000,1000,10
11.500907,main_prl_v6,10,10,20,100,1000,1000,10
10.832380,main_prl_v6,10,10,20,100,1000,1000,10
10.501296,main_prl_v6,10,10,20,100,1000,1000,10
10.479075,main_prl_v6,10,10,20,100,1000,1000,10
11.871465,main_prl_v6,10,10,20,100,1000,1000,10
11.823505,main_prl_v6,10,10,20,100,1000,1000,10
11.007052,main_prl_v6,10,10,20,100,1000,1000,10
11.864293,main_prl_v6,10,10,20,100,1000,1000,10
11.267900,main_prl_v6,10,10,20,100,1000,1000,10
21.206443,main_prl_v6,10,10,10,200,1000,1000,10
21.717820,main_prl_v6,10,10,10,200,1000,1000,10
21.919641,main_prl_v6,10,10,10,200,1000,1000,10
21.037100,main_prl_v6,10,10,10,200,1000,1000,10
21.374790,main_prl_v6,10,10,10,200,1000,1000,10
21.243140,main_prl_v6,10,10,10,200,1000,1000,10
22.319830,main_prl_v6,10,10,10,200,1000,1000,10
22.292809,main_prl_v6,10,10,10,200,1000,1000,10
22.628275,main_prl_v6,10,10,10,200,1000,1000,10
20.911589,main_prl_v6,10,10,10,200,1000,1000,10
34.809104,main_prl_v6,10,10,10,100,2000,2000,10
38.021413,main_prl_v6,10,10,10,100,2000,2000,10
38.494523,main_prl_v6,10,10,10,100,2000,2000,10
34.942634,main_prl_v6,10,10,10,100,2000,2000,10
37.388591,main_prl_v6,10,10,10,100,2000,2000,10
35.666907,main_prl_v6,10,10,10,100,2000,2000,10
37.056593,main_prl_v6,10,10,10,100,2000,2000,10
36.949535,main_prl_v6,10,10,10,100,2000,2000,10
37.006500,main_prl_v6,10,10,10,100,2000,2000,10
37.574764,main_prl_v6,10,10,10,100,2000,2000,10
11.432589,main_prl_v6,10,10,10,100,1000,1000,20
11.282816,main_prl_v6,10,10,10,100,1000,1000,20
11.291564,main_prl_v6,10,10,10,100,1000,1000,20
11.458070,main_prl_v6,10,10,10,100,1000,1000,20
11.535261,main_prl_v6,10,10,10,100,1000,1000,20
10.688066,main_prl_v6,10,10,10,100,1000,1000,20
9.390083,main_prl_v6,10,10,10,100,1000,1000,20
11.020954,main_prl_v6,10,10,10,100,1000,1000,20
10.150624,main_prl_v6,10,10,10,100,1000,1000,20
10.551706,main_prl_v6,10,10,10,100,1000,1000,20
10.591150,main_prl_v6,40,10,10,100,1000,1000,10
11.045297,main_prl_v6,40,10,10,100,1000,1000,10
10.654892,main_prl_v6,40,10,10,100,1000,1000,10
10.424914,main_prl_v6,40,10,10,100,1000,1000,10
10.987775,main_prl_v6,40,10,10,100,1000,1000,10
10.784898,main_prl_v6,40,10,10,100,1000,1000,10
10.893807,main_prl_v6,40,10,10,100,1000,1000,10
10.775251,main_prl_v6,40,10,10,100,1000,1000,10
11.006762,main_prl_v6,40,10,10,100,1000,1000,10
11.283120,main_prl_v6,40,10,10,100,1000,1000,10
11.191484,main_prl_v6,10,40,10,100,1000,1000,10
10.752396,main_prl_v6,10,40,10,100,1000,1000,10
10.996736,main_prl_v6,10,40,10,100,1000,1000,10
10.850683,main_prl_v6,10,40,10,100,1000,1000,10
11.248389,main_prl_v6,10,40,10,100,1000,1000,10
11.283645,main_prl_v6,10,40,10,100,1000,1000,10
11.168770,main_prl_v6,10,40,10,100,1000,1000,10
11.086951,main_prl_v6,10,40,10,100,1000,1000,10
11.244547,main_prl_v6,10,40,10,100,1000,1000,10
11.422095,main_prl_v6,10,40,10,100,1000,1000,10
11.334109,main_prl_v6,10,10,40,100,1000,1000,10
11.647084,main_prl_v6,10,10,40,100,1000,1000,10
11.418503,main_prl_v6,10,10,40,100,1000,1000,10
11.395294,main_prl_v6,10,10,40,100,1000,1000,10
10.937145,main_prl_v6,10,10,40,100,1000,1000,10
10.699948,main_prl_v6,10,10,40,100,1000,1000,10
11.153895,main_prl_v6,10,10,40,100,1000,1000,10
10.465067,main_prl_v6,10,10,40,100,1000,1000,10
10.864745,main_prl_v6,10,10,40,100,1000,1000,10
11.024671,main_prl_v6,10,10,40,100,1000,1000,10
22.370003,main_prl_v6,10,10,10,200,1000,1000,10
22.215240,main_prl_v6,10,10,10,200,1000,1000,10
22.734782,main_prl_v6,10,10,10,200,1000,1000,10
22.531076,main_prl_v6,10,10,10,200,1000,1000,10
22.569706,main_prl_v6,10,10,10,200,1000,1000,10
21.750378,main_prl_v6,10,10,10,200,1000,1000,10
21.398310,main_prl_v6,10,10,10,200,1000,1000,10
22.559734,main_prl_v6,10,10,10,200,1000,1000,10
21.318575,main_prl_v6,10,10,10,200,1000,1000,10
21.065781,main_prl_v6,10,10,10,200,1000,1000,10
90.812745,main_prl_v6,10,10,10,100,4000,4000,10
92.891914,main_prl_v6,10,10,10,100,4000,4000,10
85.784817,main_prl_v6,10,10,10,100,4000,4000,10
86.073137,main_prl_v6,10,10,10,100,4000,4000,10
85.878463,main_prl_v6,10,10,10,100,4000,4000,10
84.317259,main_prl_v6,10,10,10,100,4000,4000,10
85.513451,main_prl_v6,10,10,10,100,4000,4000,10
85.971822,main_prl_v6,10,10,10,100,4000,4000,10
84.407757,main_prl_v6,10,10,10,100,4000,4000,10
88.348636,main_prl_v6,10,10,10,100,4000,4000,10
11.978160,main_prl_v6,10,10,10,100,1000,1000,40
10.657257,main_prl_v6,10,10,10,100,1000,1000,40
10.665651,main_prl_v6,10,10,10,100,1000,1000,40
9.954881,main_prl_v6,10,10,10,100,1000,1000,40
10.222320,main_prl_v6,10,10,10,100,1000,1000,40
10.563860,main_prl_v6,10,10,10,100,1000,1000,40
10.892690,main_prl_v6,10,10,10,100,1000,1000,40
10.682782,main_prl_v6,10,10,10,100,1000,1000,40
10.962959,main_prl_v6,10,10,10,100,1000,1000,40
11.187070,main_prl_v6,10,10,10,100,1000,1000,40
13.365248,main_prl_v7,5,10,10,100,1000,1000,10
13.403481,main_prl_v7,5,10,10,100,1000,1000,10
13.329864,main_prl_v7,5,10,10,100,1000,1000,10
13.410031,main_prl_v7,5,10,10,100,1000,1000,10
13.951361,main_prl_v7,5,10,10,100,1000,1000,10
13.410570,main_prl_v7,5,10,10,100,1000,1000,10
13.401937,main_prl_v7,5,10,10,100,1000,1000,10
14.731361,main_prl_v7,5,10,10,100,1000,1000,10
13.787631,main_prl_v7,5,10,10,100,1000,1000,10
15.097851,main_prl_v7,5,10,10,100,1000,1000,10
14.160934,main_prl_v7,10,5,10,100,1000,1000,10
15.507453,main_prl_v7,10,5,10,100,1000,1000,10
14.360488,main_prl_v7,10,5,10,100,1000,1000,10
15.580214,main_prl_v7,10,5,10,100,1000,1000,10
14.444985,main_prl_v7,10,5,10,100,1000,1000,10
16.936511,main_prl_v7,10,5,10,100,1000,1000,10
15.997639,main_prl_v7,10,5,10,100,1000,1000,10
15.186680,main_prl_v7,10,5,10,100,1000,1000,10
15.444593,main_prl_v7,10,5,10,100,1000,1000,10
15.791550,main_prl_v7,10,5,10,100,1000,1000,10
15.120018,main_prl_v7,10,10,5,100,1000,1000,10
15.701619,main_prl_v7,10,10,5,100,1000,1000,10
16.379472,main_prl_v7,10,10,5,100,1000,1000,10
15.997447,main_prl_v7,10,10,5,100,1000,1000,10
16.367172,main_prl_v7,10,10,5,100,1000,1000,10
16.334637,main_prl_v7,10,10,5,100,1000,1000,10
16.384855,main_prl_v7,10,10,5,100,1000,1000,10
16.331018,main_prl_v7,10,10,5,100,1000,1000,10
16.424987,main_prl_v7,10,10,5,100,1000,1000,10
16.555689,main_prl_v7,10,10,5,100,1000,1000,10
8.450230,main_prl_v7,10,10,10,50,1000,1000,10
8.336438,main_prl_v7,10,10,10,50,1000,1000,10
8.379662,main_prl_v7,10,10,10,50,1000,1000,10
9.814937,main_prl_v7,10,10,10,50,1000,1000,10
9.837268,main_prl_v7,10,10,10,50,1000,1000,10
9.367402,main_prl_v7,10,10,10,50,1000,1000,10
8.812060,main_prl_v7,10,10,10,50,1000,1000,10
9.229069,main_prl_v7,10,10,10,50,1000,1000,10
9.221774,main_prl_v7,10,10,10,50,1000,1000,10
9.946478,main_prl_v7,10,10,10,50,1000,1000,10
3.808684,main_prl_v7,10,10,10,100,500,500,20
3.834211,main_prl_v7,10,10,10,100,500,500,20
3.961396,main_prl_v7,10,10,10,100,500,500,20
3.820210,main_prl_v7,10,10,10,100,500,500,20
3.756270,main_prl_v7,10,10,10,100,500,500,20
3.776092,main_prl_v7,10,10,10,100,500,500,20
3.861253,main_prl_v7,10,10,10,100,500,500,20
3.792810,main_prl_v7,10,10,10,100,500,500,20
3.755316,main_prl_v7,10,10,10,100,500,500,20
3.753418,main_prl_v7,10,10,10,100,500,500,20
17.881007,main_prl_v7,10,10,10,100,1000,1000,5
17.467326,main_prl_v7,10,10,10,100,1000,1000,5
18.364908,main_prl_v7,10,10,10,100,1000,1000,5
19.513703,main_prl_v7,10,10,10,100,1000,1000,5
19.523313,main_prl_v7,10,10,10,100,1000,1000,5
20.612251,main_prl_v7,10,10,10,100,1000,1000,5
18.511367,main_prl_v7,10,10,10,100,1000,1000,5
17.011697,main_prl_v7,10,10,10,100,1000,1000,5
16.935301,main_prl_v7,10,10,10,100,1000,1000,5
17.048076,main_prl_v7,10,10,10,100,1000,1000,5
17.011722,main_prl_v7,20,10,10,100,1000,1000,10
17.571339,main_prl_v7,20,10,10,100,1000,1000,10
16.933632,main_prl_v7,20,10,10,100,1000,1000,10
16.943538,main_prl_v7,20,10,10,100,1000,1000,10
17.785060,main_prl_v7,20,10,10,100,1000,1000,10
17.019404,main_prl_v7,20,10,10,100,1000,1000,10
16.878132,main_prl_v7,20,10,10,100,1000,1000,10
16.812987,main_prl_v7,20,10,10,100,1000,1000,10
16.977230,main_prl_v7,20,10,10,100,1000,1000,10
16.796858,main_prl_v7,20,10,10,100,1000,1000,10
16.899836,main_prl_v7,10,20,10,100,1000,1000,10
16.875590,main_prl_v7,10,20,10,100,1000,1000,10
16.970298,main_prl_v7,10,20,10,100,1000,1000,10
16.842349,main_prl_v7,10,20,10,100,1000,1000,10
16.886223,main_prl_v7,10,20,10,100,1000,1000,10
17.109964,main_prl_v7,10,20,10,100,1000,1000,10
17.148384,main_prl_v7,10,20,10,100,1000,1000,10
16.896239,main_prl_v7,10,20,10,100,1000,1000,10
16.887694,main_prl_v7,10,20,10,100,1000,1000,10
16.836732,main_prl_v7,10,20,10,100,1000,1000,10
16.788899,main_prl_v7,10,10,20,100,1000,1000,10
16.090101,main_prl_v7,10,10,20,100,1000,1000,10
15.329436,main_prl_v7,10,10,20,100,1000,1000,10
16.022163,main_prl_v7,10,10,20,100,1000,1000,10
15.522790,main_prl_v7,10,10,20,100,1000,1000,10
16.159440,main_prl_v7,10,10,20,100,1000,1000,10
16.474902,main_prl_v7,10,10,20,100,1000,1000,10
16.200066,main_prl_v7,10,10,20,100,1000,1000,10
16.467185,main_prl_v7,10,10,20,100,1000,1000,10
16.721985,main_prl_v7,10,10,20,100,1000,1000,10
32.416674,main_prl_v7,10,10,10,200,1000,1000,10
32.664744,main_prl_v7,10,10,10,200,1000,1000,10
33.314749,main_prl_v7,10,10,10,200,1000,1000,10
32.934544,main_prl_v7,10,10,10,200,1000,1000,10
33.270532,main_prl_v7,10,10,10,200,1000,1000,10
32.955180,main_prl_v7,10,10,10,200,1000,1000,10
33.142302,main_prl_v7,10,10,10,200,1000,1000,10
33.262340,main_prl_v7,10,10,10,200,1000,1000,10
38.153593,main_prl_v7,10,10,10,200,1000,1000,10
33.781786,main_prl_v7,10,10,10,200,1000,1000,10
55.232394,main_prl_v7,10,10,10,100,2000,2000,10
56.514989,main_prl_v7,10,10,10,100,2000,2000,10
58.904110,main_prl_v7,10,10,10,100,2000,2000,10
58.791337,main_prl_v7,10,10,10,100,2000,2000,10
59.673745,main_prl_v7,10,10,10,100,2000,2000,10
59.664520,main_prl_v7,10,10,10,100,2000,2000,10
59.516394,main_prl_v7,10,10,10,100,2000,2000,10
59.434978,main_prl_v7,10,10,10,100,2000,2000,10
54.913889,main_prl_v7,10,10,10,100,2000,2000,10
54.425434,main_prl_v7,10,10,10,100,2000,2000,10
15.594900,main_prl_v7,10,10,10,100,1000,1000,20
16.701759,main_prl_v7,10,10,10,100,1000,1000,20
16.974771,main_prl_v7,10,10,10,100,1000,1000,20
15.401541,main_prl_v7,10,10,10,100,1000,1000,20
16.918090,main_prl_v7,10,10,10,100,1000,1000,20
17.156922,main_prl_v7,10,10,10,100,1000,1000,20
17.233213,main_prl_v7,10,10,10,100,1000,1000,20
17.517595,main_prl_v7,10,10,10,100,1000,1000,20
17.349012,main_prl_v7,10,10,10,100,1000,1000,20
17.287850,main_prl_v7,10,10,10,100,1000,1000,20
17.321973,main_prl_v7,40,10,10,100,1000,1000,10
17.312838,main_prl_v7,40,10,10,100,1000,1000,10
17.297833,main_prl_v7,40,10,10,100,1000,1000,10
17.268722,main_prl_v7,40,10,10,100,1000,1000,10
17.429620,main_prl_v7,40,10,10,100,1000,1000,10
17.288953,main_prl_v7,40,10,10,100,1000,1000,10
17.659623,main_prl_v7,40,10,10,100,1000,1000,10
17.315660,main_prl_v7,40,10,10,100,1000,1000,10
17.393047,main_prl_v7,40,10,10,100,1000,1000,10
17.342229,main_prl_v7,40,10,10,100,1000,1000,10
17.302217,main_prl_v7,10,40,10,100,1000,1000,10
17.464286,main_prl_v7,10,40,10,100,1000,1000,10
17.431101,main_prl_v7,10,40,10,100,1000,1000,10
17.222338,main_prl_v7,10,40,10,100,1000,1000,10
17.498699,main_prl_v7,10,40,10,100,1000,1000,10
17.315440,main_prl_v7,10,40,10,100,1000,1000,10
17.273556,main_prl_v7,10,40,10,100,1000,1000,10
17.591307,main_prl_v7,10,40,10,100,1000,1000,10
17.265912,main_prl_v7,10,40,10,100,1000,1000,10
17.259400,main_prl_v7,10,40,10,100,1000,1000,10
17.295235,main_prl_v7,10,10,40,100,1000,1000,10
17.222664,main_prl_v7,10,10,40,100,1000,1000,10
17.199640,main_prl_v7,10,10,40,100,1000,1000,10
17.365909,main_prl_v7,10,10,40,100,1000,1000,10
17.231676,main_prl_v7,10,10,40,100,1000,1000,10
17.300832,main_prl_v7,10,10,40,100,1000,1000,10
15.799658,main_prl_v7,10,10,40,100,1000,1000,10
16.257864,main_prl_v7,10,10,40,100,1000,1000,10
16.415604,main_prl_v7,10,10,40,100,1000,1000,10
15.443463,main_prl_v7,10,10,40,100,1000,1000,10
30.804206,main_prl_v7,10,10,10,200,1000,1000,10
33.453517,main_prl_v7,10,10,10,200,1000,1000,10
32.808239,main_prl_v7,10,10,10,200,1000,1000,10
34.329500,main_prl_v7,10,10,10,200,1000,1000,10
34.525065,main_prl_v7,10,10,10,200,1000,1000,10
34.494448,main_prl_v7,10,10,10,200,1000,1000,10
35.124461,main_prl_v7,10,10,10,200,1000,1000,10
35.055882,main_prl_v7,10,10,10,200,1000,1000,10
35.918122,main_prl_v7,10,10,10,200,1000,1000,10
34.616508,main_prl_v7,10,10,10,200,1000,1000,10
111.143448,main_prl_v7,10,10,10,100,4000,4000,10
113.032502,main_prl_v7,10,10,10,100,4000,4000,10
114.595526,main_prl_v7,10,10,10,100,4000,4000,10
114.531587,main_prl_v7,10,10,10,100,4000,4000,10
110.479797,main_prl_v7,10,10,10,100,4000,4000,10
115.906511,main_prl_v7,10,10,10,100,4000,4000,10
109.229408,main_prl_v7,10,10,10,100,4000,4000,10
108.669008,main_prl_v7,10,10,10,100,4000,4000,10
112.478709,main_prl_v7,10,10,10,100,4000,4000,10
108.945269,main_prl_v7,10,10,10,100,4000,4000,10
16.048563,main_prl_v7,10,10,10,100,1000,1000,40
16.766956,main_prl_v7,10,10,10,100,1000,1000,40
17.606471,main_prl_v7,10,10,10,100,1000,1000,40
19.146760,main_prl_v7,10,10,10,100,1000,1000,40
17.546168,main_prl_v7,10,10,10,100,1000,1000,40
17.648369,main_prl_v7,10,10,10,100,1000,1000,40
17.462158,main_prl_v7,10,10,10,100,1000,1000,40
17.506049,main_prl_v7,10,10,10,100,1000,1000,40
17.452572,main_prl_v7,10,10,10,100,1000,1000,40
17.326869,main_prl_v7,10,10,10,100,1000,1000,40
19.723618,main_prl_v8,5,10,10,100,1000,1000,10
18.753595,main_prl_v8,5,10,10,100,1000,1000,10
19.825679,main_prl_v8,5,10,10,100,1000,1000,10
23.092549,main_prl_v8,5,10,10,100,1000,1000,10
24.731103,main_prl_v8,5,10,10,100,1000,1000,10
26.564400,main_prl_v8,5,10,10,100,1000,1000,10
26.336580,main_prl_v8,5,10,10,100,1000,1000,10
23.583439,main_prl_v8,5,10,10,100,1000,1000,10
26.325828,main_prl_v8,5,10,10,100,1000,1000,10
26.321719,main_prl_v8,5,10,10,100,1000,1000,10
24.054198,main_prl_v8,10,5,10,100,1000,1000,10
26.057381,main_prl_v8,10,5,10,100,1000,1000,10
23.899243,main_prl_v8,10,5,10,100,1000,1000,10
23.576467,main_prl_v8,10,5,10,100,1000,1000,10
26.290970,main_prl_v8,10,5,10,100,1000,1000,10
24.611846,main_prl_v8,10,5,10,100,1000,1000,10
26.257887,main_prl_v8,10,5,10,100,1000,1000,10
23.910164,main_prl_v8,10,5,10,100,1000,1000,10
26.423940,main_prl_v8,10,5,10,100,1000,1000,10
25.247395,main_prl_v8,10,5,10,100,1000,1000,10
24.660902,main_prl_v8,10,10,5,100,1000,1000,10
26.346007,main_prl_v8,10,10,5,100,1000,1000,10
26.262488,main_prl_v8,10,10,5,100,1000,1000,10
26.375885,main_prl_v8,10,10,5,100,1000,1000,10
23.815167,main_prl_v8,10,10,5,100,1000,1000,10
26.324781,main_prl_v8,10,10,5,100,1000,1000,10
26.381094,main_prl_v8,10,10,5,100,1000,1000,10
26.364984,main_prl_v8,10,10,5,100,1000,1000,10
26.349635,main_prl_v8,10,10,5,100,1000,1000,10
24.628142,main_prl_v8,10,10,5,100,1000,1000,10
13.201058,main_prl_v8,10,10,10,50,1000,1000,10
12.800743,main_prl_v8,10,10,10,50,1000,1000,10
13.140800,main_prl_v8,10,10,10,50,1000,1000,10
13.112370,main_prl_v8,10,10,10,50,1000,1000,10
13.145490,main_prl_v8,10,10,10,50,1000,1000,10
12.024475,main_prl_v8,10,10,10,50,1000,1000,10
12.658534,main_prl_v8,10,10,10,50,1000,1000,10
13.189438,main_prl_v8,10,10,10,50,1000,1000,10
12.075573,main_prl_v8,10,10,10,50,1000,1000,10
12.675601,main_prl_v8,10,10,10,50,1000,1000,10
4.773302,main_prl_v8,10,10,10,100,500,500,20
4.798458,main_prl_v8,10,10,10,100,500,500,20
4.759594,main_prl_v8,10,10,10,100,500,500,20
4.681233,main_prl_v8,10,10,10,100,500,500,20
4.676440,main_prl_v8,10,10,10,100,500,500,20
4.699111,main_prl_v8,10,10,10,100,500,500,20
4.800031,main_prl_v8,10,10,10,100,500,500,20
4.745954,main_prl_v8,10,10,10,100,500,500,20
4.702346,main_prl_v8,10,10,10,100,500,500,20
4.635225,main_prl_v8,10,10,10,100,500,500,20
26.574647,main_prl_v8,10,10,10,100,1000,1000,5
26.334125,main_prl_v8,10,10,10,100,1000,1000,5
24.964159,main_prl_v8,10,10,10,100,1000,1000,5
26.350929,main_prl_v8,10,10,10,100,1000,1000,5
26.402261,main_prl_v8,10,10,10,100,1000,1000,5
24.214492,main_prl_v8,10,10,10,100,1000,1000,5
26.355682,main_prl_v8,10,10,10,100,1000,1000,5
25.669332,main_prl_v8,10,10,10,100,1000,1000,5
24.870107,main_prl_v8,10,10,10,100,1000,1000,5
24.265351,main_prl_v8,10,10,10,100,1000,1000,5
26.494949,main_prl_v8,20,10,10,100,1000,1000,10
26.347113,main_prl_v8,20,10,10,100,1000,1000,10
22.216987,main_prl_v8,20,10,10,100,1000,1000,10
23.085069,main_prl_v8,20,10,10,100,1000,1000,10
26.394469,main_prl_v8,20,10,10,100,1000,1000,10
26.468108,main_prl_v8,20,10,10,100,1000,1000,10
24.792487,main_prl_v8,20,10,10,100,1000,1000,10
25.136423,main_prl_v8,20,10,10,100,1000,1000,10
26.471056,main_prl_v8,20,10,10,100,1000,1000,10
24.077571,main_prl_v8,20,10,10,100,1000,1000,10
23.869870,main_prl_v8,10,20,10,100,1000,1000,10
24.744344,main_prl_v8,10,20,10,100,1000,1000,10
24.653054,main_prl_v8,10,20,10,100,1000,1000,10
26.416669,main_prl_v8,10,20,10,100,1000,1000,10
26.359559,main_prl_v8,10,20,10,100,1000,1000,10
24.194080,main_prl_v8,10,20,10,100,1000,1000,10
24.072860,main_prl_v8,10,20,10,100,1000,1000,10
26.359992,main_prl_v8,10,20,10,100,1000,1000,10
24.594089,main_prl_v8,10,20,10,100,1000,1000,10
24.741840,main_prl_v8,10,20,10,100,1000,1000,10
24.471814,main_prl_v8,10,10,20,100,1000,1000,10
26.247819,main_prl_v8,10,10,20,100,1000,1000,10
26.349496,main_prl_v8,10,10,20,100,1000,1000,10
24.012464,main_prl_v8,10,10,20,100,1000,1000,10
24.026976,main_prl_v8,10,10,20,100,1000,1000,10
24.736957,main_prl_v8,10,10,20,100,1000,1000,10
26.401396,main_prl_v8,10,10,20,100,1000,1000,10
26.339636,main_prl_v8,10,10,20,100,1000,1000,10
26.340214,main_prl_v8,10,10,20,100,1000,1000,10
26.305603,main_prl_v8,10,10,20,100,1000,1000,10
53.179975,main_prl_v8,10,10,10,200,1000,1000,10
53.103917,main_prl_v8,10,10,10,200,1000,1000,10
52.621299,main_prl_v8,10,10,10,200,1000,1000,10
53.715482,main_prl_v8,10,10,10,200,1000,1000,10
50.903270,main_prl_v8,10,10,10,200,1000,1000,10
52.243063,main_prl_v8,10,10,10,200,1000,1000,10
53.993106,main_prl_v8,10,10,10,200,1000,1000,10
53.136305,main_prl_v8,10,10,10,200,1000,1000,10
52.534534,main_prl_v8,10,10,10,200,1000,1000,10
50.132325,main_prl_v8,10,10,10,200,1000,1000,10
93.442860,main_prl_v8,10,10,10,100,2000,2000,10
93.891275,main_prl_v8,10,10,10,100,2000,2000,10
89.841070,main_prl_v8,10,10,10,100,2000,2000,10
94.738496,main_prl_v8,10,10,10,100,2000,2000,10
92.460708,main_prl_v8,10,10,10,100,2000,2000,10
92.703419,main_prl_v8,10,10,10,100,2000,2000,10
91.086006,main_prl_v8,10,10,10,100,2000,2000,10
93.280635,main_prl_v8,10,10,10,100,2000,2000,10
96.515599,main_prl_v8,10,10,10,100,2000,2000,10
92.058499,main_prl_v8,10,10,10,100,2000,2000,10
27.663329,main_prl_v8,10,10,10,100,1000,1000,20
27.575779,main_prl_v8,10,10,10,100,1000,1000,20
27.180522,main_prl_v8,10,10,10,100,1000,1000,20
26.499653,main_prl_v8,10,10,10,100,1000,1000,20
26.682386,main_prl_v8,10,10,10,100,1000,1000,20
25.561511,main_prl_v8,10,10,10,100,1000,1000,20
26.374702,main_prl_v8,10,10,10,100,1000,1000,20
26.532528,main_prl_v8,10,10,10,100,1000,1000,20
24.366479,main_prl_v8,10,10,10,100,1000,1000,20
24.375073,main_prl_v8,10,10,10,100,1000,1000,20
26.163893,main_prl_v8,40,10,10,100,1000,1000,10
26.841538,main_prl_v8,40,10,10,100,1000,1000,10
26.445239,main_prl_v8,40,10,10,100,1000,1000,10
24.910007,main_prl_v8,40,10,10,100,1000,1000,10
27.826129,main_prl_v8,40,10,10,100,1000,1000,10
25.721294,main_prl_v8,40,10,10,100,1000,1000,10
23.443684,main_prl_v8,40,10,10,100,1000,1000,10
25.438142,main_prl_v8,40,10,10,100,1000,1000,10
24.361577,main_prl_v8,40,10,10,100,1000,1000,10
26.919280,main_prl_v8,40,10,10,100,1000,1000,10
26.868945,main_prl_v8,10,40,10,100,1000,1000,10
25.994365,main_prl_v8,10,40,10,100,1000,1000,10
26.515273,main_prl_v8,10,40,10,100,1000,1000,10
24.522867,main_prl_v8,10,40,10,100,1000,1000,10
24.479294,main_prl_v8,10,40,10,100,1000,1000,10
24.559512,main_prl_v8,10,40,10,100,1000,1000,10
26.445745,main_prl_v8,10,40,10,100,1000,1000,10
24.418870,main_prl_v8,10,40,10,100,1000,1000,10
26.595566,main_prl_v8,10,40,10,100,1000,1000,10
26.324701,main_prl_v8,10,40,10,100,1000,1000,10
26.374730,main_prl_v8,10,10,40,100,1000,1000,10
25.954527,main_prl_v8,10,10,40,100,1000,1000,10
25.783169,main_prl_v8,10,10,40,100,1000,1000,10
25.442512,main_prl_v8,10,10,40,100,1000,1000,10
26.938529,main_prl_v8,10,10,40,100,1000,1000,10
26.752061,main_prl_v8,10,10,40,100,1000,1000,10
25.039267,main_prl_v8,10,10,40,100,1000,1000,10
26.864909,main_prl_v8,10,10,40,100,1000,1000,10
26.575242,main_prl_v8,10,10,40,100,1000,1000,10
26.274896,main_prl_v8,10,10,40,100,1000,1000,10
53.170432,main_prl_v8,10,10,10,200,1000,1000,10
53.427461,main_prl_v8,10,10,10,200,1000,1000,10
54.361859,main_prl_v8,10,10,10,200,1000,1000,10
53.539835,main_prl_v8,10,10,10,200,1000,1000,10
50.606775,main_prl_v8,10,10,10,200,1000,1000,10
50.735515,main_prl_v8,10,10,10,200,1000,1000,10
50.824573,main_prl_v8,10,10,10,200,1000,1000,10
51.402600,main_prl_v8,10,10,10,200,1000,1000,10
53.476800,main_prl_v8,10,10,10,200,1000,1000,10
52.828376,main_prl_v8,10,10,10,200,1000,1000,10
360.498029,main_prl_v8,10,10,10,100,4000,4000,10
349.421468,main_prl_v8,10,10,10,100,4000,4000,10
357.185117,main_prl_v8,10,10,10,100,4000,4000,10
350.731487,main_prl_v8,10,10,10,100,4000,4000,10
363.295652,main_prl_v8,10,10,10,100,4000,4000,10
363.147774,main_prl_v8,10,10,10,100,4000,4000,10
355.994573,main_prl_v8,10,10,10,100,4000,4000,10
352.878169,main_prl_v8,10,10,10,100,4000,4000,10
348.193459,main_prl_v8,10,10,10,100,4000,4000,10
342.149318,main_prl_v8,10,10,10,100,4000,4000,10
26.647267,main_prl_v8,10,10,10,100,1000,1000,40
26.267560,main_prl_v8,10,10,10,100,1000,1000,40
27.895860,main_prl_v8,10,10,10,100,1000,1000,40
26.680498,main_prl_v8,10,10,10,100,1000,1000,40
24.501564,main_prl_v8,10,10,10,100,1000,1000,40
24.040852,main_prl_v8,10,10,10,100,1000,1000,40
27.165262,main_prl_v8,10,10,10,100,1000,1000,40
26.580871,main_prl_v8,10,10,10,100,1000,1000,40
25.644626,main_prl_v8,10,10,10,100,1000,1000,40
26.939357,main_prl_v8,10,10,10,100,1000,1000,40
